-- MySQL dump 10.13  Distrib 8.0.36, for Win64 (x86_64)
--
-- Host: 127.0.0.1    Database: delegaciones-v2
-- ------------------------------------------------------
-- Server version	8.0.30

/*!40101 SET @OLD_CHARACTER_SET_CLIENT=@@CHARACTER_SET_CLIENT */;
/*!40101 SET @OLD_CHARACTER_SET_RESULTS=@@CHARACTER_SET_RESULTS */;
/*!40101 SET @OLD_COLLATION_CONNECTION=@@COLLATION_CONNECTION */;
/*!50503 SET NAMES utf8 */;
/*!40103 SET @OLD_TIME_ZONE=@@TIME_ZONE */;
/*!40103 SET TIME_ZONE='+00:00' */;
/*!40014 SET @OLD_UNIQUE_CHECKS=@@UNIQUE_CHECKS, UNIQUE_CHECKS=0 */;
/*!40014 SET @OLD_FOREIGN_KEY_CHECKS=@@FOREIGN_KEY_CHECKS, FOREIGN_KEY_CHECKS=0 */;
/*!40101 SET @OLD_SQL_MODE=@@SQL_MODE, SQL_MODE='NO_AUTO_VALUE_ON_ZERO' */;
/*!40111 SET @OLD_SQL_NOTES=@@SQL_NOTES, SQL_NOTES=0 */;

--
-- Table structure for table `delegacion_o_ct`
--

DROP TABLE IF EXISTS `delegacion_o_ct`;
/*!40101 SET @saved_cs_client     = @@character_set_client */;
/*!50503 SET character_set_client = utf8mb4 */;
CREATE TABLE `delegacion_o_ct` (
  `id` bigint unsigned NOT NULL AUTO_INCREMENT,
  `deleg_ct` varchar(150) COLLATE utf8mb4_unicode_ci NOT NULL,
  `created_at` timestamp NULL DEFAULT NULL,
  `updated_at` timestamp NULL DEFAULT NULL,
  PRIMARY KEY (`id`)
) ENGINE=InnoDB AUTO_INCREMENT=3 DEFAULT CHARSET=utf8mb4 COLLATE=utf8mb4_unicode_ci;
/*!40101 SET character_set_client = @saved_cs_client */;

--
-- Dumping data for table `delegacion_o_ct`
--

LOCK TABLES `delegacion_o_ct` WRITE;
/*!40000 ALTER TABLE `delegacion_o_ct` DISABLE KEYS */;
INSERT INTO `delegacion_o_ct` VALUES (1,'DELEGACIÓN','2024-07-04 04:31:50','2024-07-04 04:31:50'),(2,'CENTRO DE TRABAJO','2024-07-04 04:31:50','2024-07-04 04:31:50');
/*!40000 ALTER TABLE `delegacion_o_ct` ENABLE KEYS */;
UNLOCK TABLES;

--
-- Table structure for table `delegaciones`
--

DROP TABLE IF EXISTS `delegaciones`;
/*!40101 SET @saved_cs_client     = @@character_set_client */;
/*!50503 SET character_set_client = utf8mb4 */;
CREATE TABLE `delegaciones` (
  `id` bigint unsigned NOT NULL AUTO_INCREMENT,
  `id_region` bigint unsigned NOT NULL,
  `id_tipo_delegacion` bigint unsigned NOT NULL,
  `id_delegacion_o_ct` bigint unsigned NOT NULL,
  `id_nomenclatura` bigint unsigned NOT NULL,
  `temp_id` int DEFAULT NULL,
  `num_delegaciona` varchar(150) CHARACTER SET utf8mb4 COLLATE utf8mb4_unicode_ci NOT NULL,
  `nivel_delegaciona` varchar(150) CHARACTER SET utf8mb4 COLLATE utf8mb4_unicode_ci NOT NULL,
  `sede_delegaciona` varchar(150) CHARACTER SET utf8mb4 COLLATE utf8mb4_unicode_ci NOT NULL,
  `fecha_inicio_delegaciona` date NOT NULL,
  `fecha_final_delegaciona` date NOT NULL,
  `direccion_delegaciona` varchar(250) CHARACTER SET utf8mb4 COLLATE utf8mb4_unicode_ci NOT NULL,
  `cp_delegaciona` varchar(150) CHARACTER SET utf8mb4 COLLATE utf8mb4_unicode_ci NOT NULL,
  `ciudad_delegaciona` varchar(150) CHARACTER SET utf8mb4 COLLATE utf8mb4_unicode_ci NOT NULL,
  `estado_delegaciona` varchar(150) CHARACTER SET utf8mb4 COLLATE utf8mb4_unicode_ci NOT NULL,
  `created_at` timestamp NULL DEFAULT NULL,
  `updated_at` timestamp NULL DEFAULT NULL,
  PRIMARY KEY (`id`),
  KEY `delegaciones_id_region_foreign` (`id_region`),
  KEY `delegaciones_id_tipo_delegacion_foreign` (`id_tipo_delegacion`),
  KEY `delegaciones_id_delegacion_o_ct_foreign` (`id_delegacion_o_ct`),
  KEY `delegaciones_id_nomenclatura_foreign` (`id_nomenclatura`),
  CONSTRAINT `delegaciones_id_delegacion_o_ct_foreign` FOREIGN KEY (`id_delegacion_o_ct`) REFERENCES `delegacion_o_ct` (`id`),
  CONSTRAINT `delegaciones_id_nomenclatura_foreign` FOREIGN KEY (`id_nomenclatura`) REFERENCES `nomenclatura` (`id`),
  CONSTRAINT `delegaciones_id_region_foreign` FOREIGN KEY (`id_region`) REFERENCES `regiones` (`id`),
  CONSTRAINT `delegaciones_id_tipo_delegacion_foreign` FOREIGN KEY (`id_tipo_delegacion`) REFERENCES `tipo_delegacion` (`id`)
) ENGINE=InnoDB AUTO_INCREMENT=320 DEFAULT CHARSET=utf8mb4 COLLATE=utf8mb4_unicode_ci;
/*!40101 SET character_set_client = @saved_cs_client */;

--
-- Dumping data for table `delegaciones`
--

LOCK TABLES `delegaciones` WRITE;
/*!40000 ALTER TABLE `delegaciones` DISABLE KEYS */;
INSERT INTO `delegaciones` VALUES (2,1,1,1,2,2,'59','SECUNDARIA GENERAL','PANUCO','2023-02-08','2025-02-08','VENUSTIANO CARRANZA','93990','PÁNUCO','VERACRUZ',NULL,NULL),(3,2,1,1,3,3,'13','EDUCACION FISICA','TUXPAN','2023-02-10','2026-02-10','CUAUHTEMOC 56 COLONIA DEL VALLE','92860','TUXPAN','VERACRUZ',NULL,NULL),(4,2,1,1,2,4,'20','TELEBACHILLERATO','TUXPAN','2023-02-14','2026-02-14','AV. CUAUHTEMOC NUM. 57 COLONIA DEL VALLE','92','TUXPAN','VERACRUZ',NULL,NULL),(5,4,1,1,1,5,'77','PRIMARIAS','JUCHIQUE DE FERRER','2023-02-10','2026-02-10','MIGUEL HIDALGO','91440','JUCHIQUE DE FERRER','VERACRUZ',NULL,NULL),(6,2,1,1,1,6,'94','PRIMARIAS','TAMIAHUA','2023-02-13','2026-02-13','AV. MIGUEL HIDALGO NO. 45 ZONA SUR','92560','TAMIAHUA','VERACRUZ',NULL,NULL),(7,6,1,1,1,7,'8','PRIMARIAS','CARDEL','2023-02-07','2026-02-07','ENRIQUE C. RÉBSAMEN #55 COL. MAGISTERIAL','91653','JOSÉ CARDEL','VERACRUZ',NULL,NULL),(8,2,1,1,1,8,'9','PRIMARIAS','CERRO AZUL','2023-02-10','2026-02-10','CARRETERA CERRO AZUL LOC. LA MORA','92540','CERRO AZUL','VERACRUZ',NULL,NULL),(9,2,1,1,2,9,'22','TELEBACHILLERATO','NARANJOS','2023-02-14','2026-02-14','CALLE CHONTLA  S/N. FRACCIONAMIENTO NUEVO NARANJOS','92310','NARANJOS AMATLÁN','VERACRUZ',NULL,NULL),(10,7,1,1,2,10,'31','TELEBACHILLERATO','COSCOMATEPEC','2023-02-15','2026-02-15','PRIVADA 2 NORTE SN','94470','FORTÍN','VERACRUZ',NULL,NULL),(11,1,1,1,2,11,'35','TELEBACHILLERATO','TANTOYUCA','2023-02-17','2026-02-17','AV. REVOLUCIÓN S/N, COL. 10 DE MAYO','92122','TANTOYUCA','VERACRUZ',NULL,NULL),(12,2,1,1,2,12,'53','ESCUELA SECUENDARIA Y BACHILLERATO ABIERTO','TUXPAN','2023-02-14','2026-02-14','CUAUHTEMOC  #56, COL DEL VALLE','92800','TUXPAN','VERACRUZ',NULL,NULL),(13,2,1,1,1,13,'57','PRIMARIAS','TUXPAN','2023-02-10','2026-02-10','AV. CUAUHTEMOC NO. 56 COL. DEL VALLE','92870','TUXPAN','VERACRUZ',NULL,NULL),(14,2,1,1,1,14,'35','PRIMARIAS','NARANJOS','2023-02-10','2026-02-10','CHONTLA S/N FRACCIONAMIENTO NUEVO NARANJOS, NARANJOS.','92310','NARANJOS AMATLÁN','VERACRUZ',NULL,NULL),(15,2,1,1,1,15,'19','PRIMARIAS','CHONTLA','2023-02-15','2026-02-15','CALLE LIBERTAD S/N','92200','CHONTLA','VERACRUZ',NULL,NULL),(16,2,1,1,1,16,'38','PRIMARIAS','OZULUAMA','2023-02-13','2026-02-13','PASEO DEL VICHÍN S/N, ZONA CENTRO','92080','OZULUAMA','VERACRUZ',NULL,NULL),(17,1,1,1,1,17,'71','PRIMARIAS','BENITO JUAREZ','2023-02-15','2026-02-15','CALLE HIDALGO S/N, COL. CENTRO','92661','BENITO JUAREZ','VERACRUZ',NULL,NULL),(18,2,1,1,1,18,'80','PREESCOLAR','TUXPAN','2023-02-13','2026-02-13','AV. CUAUHTEMOC 57, COLONIA DEL VALLE','92875','TUXPAN','VERACRUZ',NULL,NULL),(19,1,1,1,2,19,'50','TELEBACHILLERATO','TEMPOAL','2023-02-17','2025-02-17','REPSAMEN # 4 COLONIA LA COBACHA','92065','TEMPOAL','VERACRUZ',NULL,NULL),(20,4,1,1,2,20,'34','TELEBACHILLERATO','MISANTLA','2023-02-13','2026-02-13','C. DEL  POCITO S/N, ESQ. MANUEL RIVERA COL. 20 DE NOVIEMBRE','93821','MISANTLA','VERACRUZ',NULL,NULL),(21,5,1,1,1,21,'60','PREESCOLAR','XALAPA','2023-02-17','2026-02-17','XANATI 72 MARCO ANTONIO MUÑOZ','91916','XALAPA','VERACRUZ',NULL,NULL),(22,6,1,1,1,22,'43','PRIMARIAS','PIEDRAS NEGRAS','2023-02-09','2026-02-09','COL. CENTRO PIEDRAS NEGRAS, TLALIXCOYAN.','95226','PIEDRAS NEGRAS','VERACRUZ',NULL,NULL),(23,4,1,1,1,23,'93','PRIMARIAS','VEGA DE LA TORRE','2023-02-10','2026-02-10','IGNACIO ZARAGOZA 206 COLONIA CENTRO','93960','VEGA DE ALATORRE','VERACRUZ',NULL,NULL),(24,4,1,1,3,24,'15','EDUCACION FISICA','MARTINEZ DE LA TORRE','2023-02-13','2026-02-13','RIVERA DEL RIO NO. 103 COLONIA EL MIRADOR','93600','MARTINEZ DE LA TORRE','VERACRUZ',NULL,NULL),(25,9,1,1,2,25,'12','SECUNDARIA Y BACHILLERES','TLACOTALPAN','2023-02-09','2026-02-09','PROLONGACIÓN JOSÉ MARÍA IGLESIAS S/N  COL. SAHOP','95460','TLACOTALPAN','VERACRUZ',NULL,NULL),(26,4,1,1,1,26,'74','PRIMARIAS','TLAPACOYAN','2023-02-13','2026-02-12','PROLONGACIÓN ABASOLO 10 SN CP. DEL AUDITORIO. COL. MANUEL A. FERRER.','93650','TLAPACOYAN','VERACRUZ',NULL,NULL),(27,4,1,1,2,27,'32','TELEBACHILLERATO','MARTINEZ DE LA TORRE','2023-02-13','2026-02-13','RIBERA RÍO BOBOS NO. 103, COL. MIRADOR','93607','MARTÍNEZ DE LA TORRE','VERACRUZ',NULL,NULL),(28,4,1,1,2,28,'42','TELESECUNDARIA','MARTINEZ DE LA TORRE','2023-02-13','2026-02-13','EDIFICIO SINDICAL SITIO RIO BOBOS #109, COL. EL MIRADOR','93600','MARTÍNEZ DE LA TORRE','VERACRUZ',NULL,NULL),(29,1,1,1,2,29,'37','TELESECUNDARIA','TANTOYUCA','2023-02-07','2026-02-06','EDIFICIO SINDICAL AV.REVOLUCIÓN S/N COLONIA 10 DE MAYO','92100','TANTOYUCA','VERACRUZ',NULL,NULL),(30,4,1,1,2,30,'48','TELEBACHILLERATO','SAN RAFAEL','2023-02-10','2026-02-10','DOMICILIO CONOCIDO. COLONIA CENTRO','93620','SAN RAFAEL','VERACRUZ',NULL,NULL),(31,4,1,1,1,31,'30','PRIMARIAS','MARTINEZ DE LA TORRE','2023-02-10','2026-02-10','RIVERA DEL RIÓ #103 COL. MIRADOR','93600','MARTINEZ DE LA TORRE','VERACRUZ',NULL,NULL),(32,4,1,1,1,32,'33','PRIMARIAS','MISANTLA','2023-02-10','2026-02-10','CALLE POSITO S/N COL. 20 DE NOVIEMBRE','93821','MISANTLA','VERACRUZ',NULL,NULL),(33,9,1,1,2,33,'14','BACHILLERATO ABIERTOABIERTA','ALVARADO','2023-02-11','2026-02-11','PARQUE 15 DE OCTUBRE','95270','ALVARADO','VERACRUZ',NULL,'2024-05-20 23:13:39'),(34,6,1,1,1,34,'58','PRIMARIAS','VERACRUZ','2023-02-15','2026-02-15','MIGUEL HIDALGO 515 COL. CENTRO','91700','VERACRUZ','VERACRUZ',NULL,NULL),(35,6,1,1,3,35,'18','EDUCACION FISICA','CARDEL','2023-02-09','2026-02-09','AVENIDA ROBLES 37 COL GRAL. VICENTE GUERRERO','91680','CARDEL','VERACRUZ',NULL,NULL),(36,9,1,1,1,36,'79','PREESCOLAR','ALVARADO','2023-02-08','2026-02-08','PARQUE 15 DE OCTUBRE S/N CENTRO','95270','ALVARADO','VERACRUZ',NULL,NULL),(37,7,1,1,1,37,'23','PRIMARIAS','HUATUSCO','2023-02-07','2026-02-07','CALLE 11 SUR S/N ENTRE AV 7 Y 9','94100','HUATUSCO DE CHICUELLAR','VERACRUZ',NULL,NULL),(38,5,1,1,2,38,'58','TELEBACHILLERATO','XALAPA','2023-02-13','2026-04-13','','0','XALAPA','VERACRUZ',NULL,NULL),(39,7,1,1,1,39,'66','FORANEAS','CORDOBA','2023-02-13','2026-02-13','FRACCIONAMIENTO VISTA HERMOSA  AV NARDO #3520  ENTRE CALLES TULIPÁN Y JAZMÍN','94677','CÓRDOBA','VERACRUZ',NULL,NULL),(40,4,1,1,1,40,'88','PREESCOLAR','MARTINEZ DE LA TORRE','2023-02-10','2026-02-10','RIVERA DEL RIO  NO.103 EL MIRADOR','93600','MARTINEZ DE LA TORRE','VERACRUZ',NULL,NULL),(41,8,1,1,1,41,'78','PREESCOLAR','ORIZABA','2023-02-10','2026-02-10','SUR 6 331','94370','ORIZABA','VERACRUZ',NULL,NULL),(42,10,1,1,1,42,'48','PRIMARIAS','SAN ANDRES TUXTLA','2023-02-10','2026-02-06','ARTIGAS 287','95700','SAN ANDRÉS TUXTLA','VERACRUZ',NULL,NULL),(43,7,1,1,1,43,'36','PRIMARIAS','OMEALCA','2023-02-09','2026-02-09','CALLE JOSE MARIA MORELOS','94900','OMEALCA','VERACRUZ',NULL,NULL),(44,7,1,1,1,44,'14','LOCALES','CORDOBA','2023-02-08','2026-02-08','CALLE 21, ENTRE AVENIDA 11 Y 9 COLONIA HUILANGO','94640','CÓRDOBA','VERACRUZ',NULL,NULL),(45,10,1,1,1,45,'25','PRIMARIAS','ISLA','2023-02-13','2023-02-17','NARCISO MENDOZA SUR 117 COL. MARIANO AGUIRRE USCANGA','95645','ISLA','VERACRUZ',NULL,NULL),(46,9,1,1,2,46,'29','NORMAL','TLACOTALPAN','2023-02-09','2026-02-09','PROLONGACIÓN VENUSTIANO CARRANZA S/N','95460','TLACOTALPAN','VERACRUZ',NULL,NULL),(47,10,1,1,2,47,'16','TELEBACHILLERATO','SAN ANDRES TUXTLA','2023-02-10','2026-02-10','CALLE DR.  ARTIGAS # 297, COLONIA CENTRO','95700','SAN ANDRÉS TUXTLA','VERACRUZ',NULL,NULL),(48,5,1,1,1,48,'84','TECNICOS DOCENTES ADMINISTRATIVOS','XALAPA','2023-02-13','2026-02-13','SEASTIAN CAMACHO 59','91000','XALAPA','VERACRUZ',NULL,NULL),(49,10,1,1,1,49,'45','PRIMARIAS','PLAYA VICENTE','2023-02-13','2026-02-13','JUAN DE LA LUZ ENRIQUEZ S/N. COL. LAS PALMAS','95600','PLAYA VICENTE','VERACRUZ',NULL,NULL),(50,10,1,1,2,50,'28','TELEBACHILLERATO','ISLA','2023-02-13','2026-02-13','C. LUIS DONALDO COLOSIO','95674','EL BLANCO','VERACRUZ',NULL,NULL),(51,9,1,1,2,51,'10','SECUNDARIA Y BACHILLERES','ALVARADO','2023-02-07','2026-02-07','NETZAHULCOYOTL','95270','ALVARADO','VERACRUZ',NULL,NULL),(52,9,1,1,1,52,'63','PREESCOLAR','COSAMALOAPAN','2023-02-08','2026-02-08','NICOLAS BRAVO S/N','95390','COSAMALOAPAN','VERACRUZ',NULL,NULL),(53,10,1,1,1,53,'29','PRIMARIAS','LERDO DE TEJADA','2023-02-13','2026-02-13','GUADALUPE VICTORIA #12, COL. CENTRO','95280','LERDO DE TEJADA','VERACRUZ',NULL,NULL),(54,10,1,1,1,54,'89','PREESCOLAR','ISLA','2023-02-13','2026-02-13','GUADALUPE VICTORIA S/N','95640','ISLA','VERACRUZ',NULL,NULL),(55,10,1,1,2,55,'51','TELEBACHILLERATO','SANTIAGO TUXTLA','2023-02-10','2026-02-10','CALLE 25 DE OCTUBRE S/N, BARRIO SUR','95841','ANGEL R. CABADA','VERACRUZ',NULL,NULL),(56,10,1,1,1,56,'68','PRIMARIAS','SANTIAGO TUXTLA','2023-02-10','2026-02-10','MAGDA MORENO DE CARVAJAL COL. BARRIO BUENA VISTA','95830','SANTIAGO TUXTLA','VERACRUZ',NULL,NULL),(57,8,1,1,1,57,'37','PRIMARIAS','ORIZABA','2023-02-09','2026-02-09','NORTE 2, EDIFICIO PARROQUIA 2° PISO DEPT. 4, COL. CENTRO','94300','ORIZABA','VERACRUZ',NULL,NULL),(58,5,1,1,3,58,'4','ADMINISTRATIVOS  EDUCACION FISICA','XALAPA','2023-02-09','2026-02-09','MANUEL DE BOZA 38','91030','DEL MAESTRO','VERACRUZ',NULL,NULL),(59,5,1,1,2,59,'21','TELEBACHILLERATO','XALAPA','2023-02-15','2026-02-15','GOBERNADOR EMPARAN NO. 55 ESQUINA PRIMAVERA, COLONIA TATAHUICAPAN','91060','XALAPA','VERACRUZ',NULL,NULL),(60,7,1,1,2,60,'9','ESCUELA SECUNDARIA Y BACHILLERES DE ARTES Y OFICIOS','CORDOBA','2023-02-07','2023-02-07','AVENIDA 11 NO. 2800 COLONIA LOS MAESTROS','94550','CÓRDOBA','VERACRUZ',NULL,NULL),(61,5,1,1,2,61,'46','TELEBACHILLERATO II','XALAPA','2023-02-07','2026-02-06','CALLE JOSÉ EMPARAN  NO. 55 ESQUINA CALLLE PRIMAVERA','91060','XALAPA','VERACRUZ',NULL,NULL),(62,10,1,1,1,62,'41','PREESCOLAR','SAN ANDRES TUXTLA','2023-02-10','2026-02-10','CALLE DOCTOR RAFAEL ARTIGAS  NO 297. COLONIA CENTRO.','95710','SAN ANDRÉS TUXTLA','VERACRUZ',NULL,NULL),(63,8,1,1,1,63,'65','PRIMARIAS','ZONGOLICA','2023-02-10','2026-02-10','ZONGOLICA,VER','95000','ZONGOLICA','VERACRUZ',NULL,NULL),(64,8,1,1,1,64,'55','PRIMARIAS','SAN JUAN TEXHUACAN','2023-02-13','2026-02-13','SAN JUAN TEXHUACAN','95070','TEXHUACAN','VERACRUZ',NULL,NULL),(65,8,1,1,1,65,'10','PRIMARIAS','CIUDAD MENDOZA','2023-02-10','2026-02-10','IGNACIO ZARAGOZA   NO.7      ENTRE MARTIRES DE CHICAGO Y RAFAEL DELGADO    COL. AGUILA','94740','MENDOZA','VERACRUZ',NULL,NULL),(66,8,1,1,1,66,'54','PRIMARIAS','TEQUILA','2023-02-13','2026-02-13','AV. INSURGENTES S/N COL. CENTRO','94840','TEQUILA','VERACRUZ',NULL,NULL),(67,5,1,1,3,67,'1','MANUALES','XALAPA','2023-02-09','2026-02-09','CALLE XANATI 8, COL ELECTRICISTAS','91060','XALAPA','VERACRUZ',NULL,NULL),(68,7,1,1,3,68,'11','EDUCACION FISICA','CORDOBA','2023-02-07','2027-02-07','AV. LOS PINOS #62A SHANGRILA SANTA LETICIA','94470','FORTIN DE LAS FLORES','VERACRUZ',NULL,NULL),(69,5,1,1,1,69,'5','PRIMARIAS','ALTOTONGA','2023-02-09','2026-02-09','PROLONGACION DE ALLENDE NO. 101, BARRIO DE ATALPAS','93700','ALTOTONGA','VERACRUZ',NULL,NULL),(70,5,1,1,1,70,'92','ENSEÑANZAS MUSICALES','XALAPA','2023-02-08','2026-02-08','','0','','VERACRUZ',NULL,NULL),(71,1,1,1,1,71,'90','PREESCOLAR','TANTOYUCA','2023-02-08','2026-02-08','','92101','TANTOYUCA','VERACRUZ',NULL,NULL),(72,1,1,1,1,72,'87','PRIMARIAS','IXCATEPEC','2023-02-15','2026-02-13','C. VICENTE GUERRERO SIN NUMERO. PRIMERA SECCIÓN.','92270','IXCATEPEC','VERACRUZ',NULL,NULL),(73,8,1,1,2,73,'17','TELESECUNDARIA','ORIZABA','2023-02-09','2026-02-09','CALLE FRESNO #108 COL. PRADO','94740','CAMERINO Z. MENDOZA','VERACRUZ',NULL,NULL),(74,8,1,1,2,74,'26','TELEBACHILLERATO','ORIZABA','2023-02-15','2026-02-16','NORTE2 #192, DEPARTAMENTO 4, OFICINA 2B, COLONIA: CENTRO','94300','ORIZABA','VERACRUZ',NULL,NULL),(75,8,1,1,1,75,'3','PRIMARIAS','ACULTZINGO','2023-02-10','2026-02-10','SALVADOR GONZALO GARCÍA 1205. COL. SIDAR.','94745','CD. MENDOZA','VERACRUZ',NULL,NULL),(76,9,1,1,2,76,'27','TELEBACHILLERATO','TIERRA BLANCA','2023-02-15','2026-02-15','CALLE MORELOS ESQUINA AGRARISTA. COL. HOJA DEL MAÍZ.','95110','TIERRA BLANCA','VERACRUZ',NULL,'2024-05-08 22:08:38'),(77,8,1,1,3,77,'5','EDUCACION FISICA','ORIZABA','2023-02-13','2026-02-13','','0','','VERACRUZ',NULL,NULL),(78,1,1,1,1,78,'91','PREESCOLAR','PANUCO','2023-02-09','2026-02-09','CALLE AYUNTAMIENTO COL. BURÓCRATA','93998','PÁNUCO','VERACRUZ',NULL,NULL),(79,1,1,1,1,79,'44','PRIMARIAS','PLATON SANCHEZ','2023-02-07','2026-02-07','','93148','PLATON SÁNCHEZ','VERACRUZ',NULL,NULL),(80,5,1,1,3,80,'16','EDUCACION FISICA','COATEPEC','2023-02-09','2026-02-09','JUAN SOTO #88','91270','COATEPEC','VERACRUZ',NULL,NULL),(81,7,1,1,1,81,'64','PREESCOLAR','CORDOBA','2023-02-07','2026-02-07','AVENIDA 10 PRIVADA CALLES 20 Y 16','94510','CÓRDOBA','VERACRUZ',NULL,NULL),(82,5,1,1,2,82,'38','TELESECUNDARIA','XALAPA','2023-02-07','2026-02-07','','0','XALAPA','VERACRUZ',NULL,NULL),(83,5,1,1,2,83,'13','NORMAL','XALAPA','2023-02-10','2026-02-10','AV.XALAPA S/N','91010','XALAPA','VERACRUZ',NULL,NULL),(84,1,1,1,1,84,'51','PRIMARIAS','TANTOYUCA','2023-02-08','2026-02-08','REVOLUCIÓN ESQ. CON CARRETERA NACIONAL MEXICO-TUXPAN COL. REFORMA','92101','TANTOYUCA','VERACRUZ',NULL,NULL),(85,5,1,1,2,85,'15','BACHILLERATOS VESPERTINOS','XALAPA','2023-02-07','2026-02-07','BENITO JUÁREZ 57','91000','XALAPA','VERACRUZ',NULL,NULL),(86,1,1,1,1,86,'52','PRIMARIAS','TEMPOAL','2023-02-07','2026-02-07','CLLE.URSULO GALVAN ESQ.AV.5 DE MAYO S/N COLONIA 20 DE NOVIEMBRE','92061','TEMPOAL','VERACRUZ',NULL,NULL),(87,5,1,1,3,87,'8','ADMINISTRATIVOS Y DOCENTES DE LA D.G.B.','XALAPA','2023-02-10','2026-02-09','PASAJE REVOLUCIÓN ALTOS S/N','91000','XALAPA','VERACRUZ',NULL,NULL),(88,5,1,1,2,88,'24','UNIVERSIDAD PEDAGOGICA VERACRUZANA','XALAPA','2023-02-09','2026-02-09','AV. JUSTINO SARMIENTO S/N, ENTRE AV. AMÉRICAS Y CALLE PICO DE ORIZABA. COLONIA LADERA DEL MACUILTEPETL','91133','XALAPA','VERACRUZ',NULL,NULL),(89,6,1,1,1,89,'7','PRIMARIAS','BOCA DEL RIO','2023-02-07','2026-02-07','CALLE ELECTRICISTAS NO. 244','91918','VERACRUZ','VERACRUZ',NULL,NULL),(90,1,1,1,1,90,'39','PRIMARIAS','PANUCO','2023-02-08','2026-02-08','COL. BUROCRATA CALLE AYUNTAMIENTO','93998','PÁNUCO','VERACRUZ',NULL,NULL),(91,1,1,1,3,91,'17','EDUCACION FISICA','TANTOYUCA','2023-02-07','2026-02-07','CALLE NIÑOS HÉROES 413','92127','TANTOYUCA','VERACRUZ',NULL,NULL),(92,9,1,1,2,92,'43','BACHILLERATO','ALVARADO','2023-02-07','2026-02-06','NEZAHUALCÓYOTL 8','95270','ALVARADO','VERACRUZ',NULL,NULL),(93,9,1,1,1,93,'6','PRIMARIAS','ALVARADO','2023-02-07','2026-02-07','PARQUE 15 DE OCTUBRE COL CENTRO','95270','ALVARADO','VERACRUZ',NULL,NULL),(94,5,1,1,2,94,'3','BACHILLERATO  ARTICULO 3° DIURNA','XALAPA','2023-02-14','2026-02-14','AV. ADOLFO RUIZ CORTINES 2901 COL. UNIDAD MAGISTERIAL','91010','XALAPA','VERACRUZ',NULL,NULL),(95,9,1,1,1,95,'56','PRIMARIAS','TIERRA BLANCA','2023-02-09','2026-02-09','CALLE MORELOS ESQUINA AGRARISTA. COL. HOJA DEL MAÍZ.','95110','TIERRA BLANCA','VERACRUZ',NULL,'2024-05-08 22:07:34'),(96,5,1,1,1,96,'81','PREESCOLAR','COATEPEC','2023-02-13','2026-02-13','JUAN SOTO # 88','91500','COATEPEC','VERACRUZ',NULL,NULL),(97,5,1,1,1,97,'61','LOCALES','XALAPA','2023-02-14','2026-02-14','CALLE JOSE MARIA PINO SUÁREZ NO. 5, ZONA CENTRO.','91000','XALAPA','VERACRUZ',NULL,NULL),(98,1,1,1,1,98,'72','PRIMARIAS','PUEBLO VIEJO','2023-02-07','2026-02-07','','0','','VERACRUZ',NULL,NULL),(99,5,1,1,1,99,'53','PRIMARIAS','TEOCELO','2023-02-10','2026-02-10','MATAMOROS 4','91615','TEOCELO','VERACRUZ',NULL,NULL),(100,5,1,1,3,100,'3','ADMINISTRATIVOS OFICINAS CENTRALES','XALAPA','2023-02-10','2026-02-10','SEBASTIAN CAMACHO NO. 59','91000','XALAPA','VERACRUZ',NULL,NULL),(101,5,1,1,1,101,'11','PRIMARIAS','COATEPEC','2023-02-08','2026-02-08','JUAN SOTO #88 COL. CENTRO','91500','COATEPEC','VERACRUZ',NULL,NULL),(102,5,1,1,1,102,'34','PRIMARIAS','NAOLINCO','2023-02-07','2026-04-07','MORELOS # 18 COL. CENTRO','91400','NAOLINCO','VERACRUZ',NULL,NULL),(103,5,1,1,3,103,'24','ADMINISTRATIVOS TELEBACHILLERATO','XALAPA','2023-02-08','2026-02-09','MURILLO VIDAL S/N','91000','XALAPA','VERACRUZ',NULL,NULL),(104,5,1,1,1,104,'75','PRIMARIAS','CARRIZAL','2023-02-10','2026-02-10','','91630','VILLA EMIIANO ZAPATA (CARRIZAL)','VERACRUZ',NULL,NULL),(105,5,1,1,3,105,'23','EDUCACION FISICA','XALAPA','2023-02-08','2026-02-07','JOSÉ MA. PINO SUÁREZ 4, COLONIA CENTRO','91000','XALAPA','VERACRUZ',NULL,NULL),(106,5,1,1,1,106,'20','PRIMARIAS','EMILIANO ZAPATA','2023-02-10','2026-02-10','EDIFICIO XANATI S/N MARCO ANTONIO MUÑOZ','91060','XALAPA','VERACRUZ',NULL,NULL),(107,5,1,1,2,107,'4','BACHILLERATOS MATUTINOS','XALAPA','2023-02-08','2026-02-08','','0','','VERACRUZ',NULL,NULL),(108,5,2,1,4,108,'18','JUBILADOS Y PENSIONADOS','ALTOTONGA','2023-02-07','2026-02-07','PROLONGACION IGNACIO ALLENDE  NO 5','93700','ALTOTONGA','VERACRUZ',NULL,NULL),(109,2,2,1,4,109,'9','JUBILADOS Y PENSIONADOS','TUXPAN','2023-03-24','2026-03-24','CUAUHTÉMOC # 56 COL. DEL VALLE','92875','TUXPAN','VERACRUZ',NULL,NULL),(110,4,2,1,4,110,'28','JUBILADOS Y PENSIONADOS','MISANTLA','2023-03-22','2023-03-31','C. DEL POCITO S/N ESQ. MANUEL RIVERA, COL. 20 DE NOVIEMBRE','93828','MISANTLA','VERACRUZ',NULL,NULL),(111,4,2,1,4,111,'8','JUBILADOS Y PENSIONADOS','MARTINEZ DE LA TORRE','2023-03-24','2026-03-24','C. RIO BOBOS #109 VOL. EL MIRADOR','93600','MARTINEZ DE LA TORRE','VERACRUZ',NULL,NULL),(112,6,2,1,4,112,'5','JUBILADOS Y PENSIONADOS','SOLEDAD DE DOBLADO','2023-03-24','2026-03-24','FRANCISCO JAVIER MINA S/N','94244','SOLEDAD DE DOBLADO','VERACRUZ',NULL,NULL),(113,10,2,1,4,113,'3','JUBILADOS Y PENSIONADOS','SAN ANDRES TUXTLA','2023-03-24','2026-03-24','DR. ARTIAGAS #297','95700','SAN ANDRES TUXTLA','VERACRUZ',NULL,NULL),(114,10,2,1,4,114,'26','JUBILADOS Y PENSIONADOS','ISLA','2023-02-16','2026-02-16','CALLE  GUADALUPE VICTORIA  S/N , COL. CENTRO.','95641','ISLA','VERACRUZ',NULL,NULL),(115,9,2,1,4,115,'6','JUBILADOS Y PENSIONADOS','COSAMALOAPAN','2023-02-08','2026-02-08','AV. MANUEL CARPIO 402','95400','COSAMALOAPAN','VERACRUZ',NULL,NULL),(116,8,2,1,4,116,'32','JUBILADOS Y PENSIONADOS','ZONGOLICA','2023-02-13','2026-02-13','PROLONGACIÓN DE BENITO JUÁREZ S/N.','95000','ZONGOLICA','VERACRUZ',NULL,NULL),(117,8,2,1,4,117,'7','JUBILADOS Y PENSIONADOS','ORIZABA','2023-02-10','2026-02-10','SUR 6 NO. 631','94300','ORIZABA','VERACRUZ',NULL,NULL),(118,5,2,1,4,118,'17','JUBILADOS Y PENSIONADOS','COATEPEC','2023-02-07','2026-02-07','JUAN SOTO #88 COL. CENTRO','91500','COATEPEC','VERACRUZ',NULL,NULL),(119,7,2,1,4,119,'16','JUBILADOS Y PENSIONADOS','CORDOBA','2023-02-08','2026-02-08','AV. SAN MARCIAL NO. 42 COL. SANTA LETICIA','94476','FORTIN','VERACRUZ',NULL,NULL),(120,9,2,1,4,120,'21','JUBILADOS Y PENSIONADOS','ALVARADO','2023-02-07','2025-02-07','PARQUE 15 DE OCTUBRE # 1','95270','ALVARADO','VERACRUZ',NULL,NULL),(121,5,2,1,4,121,'2','JUBILADOS Y PENSIONADOS','XALAPA','2023-02-13','2026-02-13','XANATI 82. COL MARCO ANTONIO MUÑOZ','91060','XALAPA','VERACRUZ',NULL,NULL),(122,1,2,1,4,122,'13','JUBILADOS Y PENSIONADOS','TANTOYUCA','2023-02-13','2026-02-13','CALLE LAS FLORES #55, COL. RUIZ CORTINES','92123','TANTOYUCA','VERACRUZ',NULL,'2024-04-04 21:24:27'),(123,4,3,2,5,123,'05','ESCUELA Y BACHILLERES ALFONSO REYES','MISANTLA','2023-02-14','2026-02-14','KM. 2.5 CARRETERA MISANTLA- MARTÍNEZ. COLONIA MARCO ANTONIO MUÑOZ T.','93820','MISANTLA','VERACRUZ',NULL,'2024-05-14 22:59:42'),(124,5,3,2,5,124,'23','BACHILLERATO JOAQUIN RAMIREZ CABAÑAS MIXTA','XALAPA','2023-02-11','2025-02-11','ESC BACH. MAESTRO JOAQUIN RAMIEZ MIXTO MARIA ENRIQUETA  3','91500','COATEPEC','VERACRUZ',NULL,NULL),(125,4,3,2,5,125,'09','SECUNDARIA GENERAL','SAN RAFAEL','2023-02-14','2026-02-14','AV. JUAN DE DIOS PEZA, ESQ. DOROTEO ARANGO, COL. 13 DE DICIEMBRE.','93620','SAN RAFAEL','VERACRUZ',NULL,'2024-05-14 23:05:46'),(126,8,3,2,5,126,'13','SECUNDARIA','CIUDAD MENDOZA','2023-02-10','2026-02-10','CALLE JUSTO SIERRA SIN NÚMERO','94744','CAMERINO Z. MENDOZA','VERACRUZ',NULL,NULL),(127,4,3,2,5,127,'29','BACHILLERATO','MARTINEZ DE LA TORRE','2023-02-14','2026-02-14','BOULEVARD RAFAEL MARTINEZ DE LA TORRE S/N COL EJIDAL','93600','MARTINEZ DE LA TORRE','VERACRUZ',NULL,NULL),(128,10,3,2,5,128,'36','SECUNDARIA Y BACHILLERATO','SANTIAGO TUXTLA','2023-02-10','2026-02-10','PROLONGACIÓN PRIMERO DE MAYO S/N COL. PENJAMO','95830','SANTIAGO TUXTLA','VERACRUZ',NULL,NULL),(129,5,3,2,5,129,'20','BACHILLEARTO RICARDO FLORES MAGON MIXTO','XALAPA','2023-02-11','2026-02-11','AV. RUIZ CORTINAS 2901','91010','XALAPA','VERACRUZ',NULL,NULL),(130,5,3,2,5,130,'03','BACHILLERATO SABATINO','XALAPA','2023-02-11','2026-02-11','JOSE MA.PINO SUAREZ 4 COL. CENTRO','91000','XALAPA ENRIQUEZ','VERACRUZ',NULL,'2024-05-14 23:05:09'),(131,5,3,2,5,131,'21','BACHILLERATO ANTONIO MARIA DE RIVERA MIXTA','XALAPA','2023-02-11','2026-02-11','CIRCUITO GONZALO AGUIRRE BELTRAN, LOMAS DEL ESTADIO.','91000','XALAPA','VERACRUZ',NULL,NULL),(132,8,3,2,5,132,'14','BACHILLERATO','ORIZABA','2023-02-10','2026-02-10','NORTE 4 NO. 4 ENTRE AV. COLÓN Y ORIENTE 3','94300','ORIZABA','VERACRUZ',NULL,NULL),(133,6,3,2,5,133,'10','SECUNDARIA','SOLEDAD DE DOBLADO','2023-02-08','2026-02-08','VICENTE GUERRERO #105','94240','SOLEDAD DE DOBLADO','VERACRUZ',NULL,NULL),(134,8,3,2,5,134,'40','TELEBACHILLERATO','ZONGOLICA','2023-02-16','2026-02-15','CALLE BENITO JUÁREZ S/N','0','ZONGOLICA','VERACRUZ',NULL,NULL),(135,6,3,2,5,135,'32','SECUNDARIA','CARDEL','2023-02-09','2025-02-09','EMILIANO ZAPATA 15','91680','JOSÉ CARDEL','VERACRUZ',NULL,NULL),(136,1,3,2,5,136,'07','SECUNDARIA GENERAL','IXCATEPEC','2023-02-09','2025-02-09','ART. 3° CON FCO. P. MARIEL 2A SECCION','92270','IXCATEPEC','VERACRUZ',NULL,'2024-05-14 23:04:46'),(137,6,3,2,5,137,'31','UNIVERSIDAD PEDAGOGICA VERACRUZANA','VERACRUZ','2023-02-11','2026-02-11','CALLE BAHAMAS NÚM. 2222 PASEO FLORESTA ORIENTE HAITÍ, COL. LAS ANTILLAS,(ESC. SEC. TÉC. NO. 123)','91940','VERACRUZ','VERACRUZ',NULL,NULL),(138,5,3,2,5,138,'33','NORMAL MANUEL SUAREZ TRUJILLO','XALAPA','2023-02-08','2026-02-07','BLVD. CULTURAS VERACRUZANAS 752','91010','XALAPA','VERACRUZ',NULL,NULL),(139,5,3,2,5,139,'35','TELEBACHILLERATO','XALAPA','2023-02-07','2026-02-06','FERROCARRIL INTEROCEÁNICO 52, COL. 7 DE NOVIEMBRE','91143','XALAPA','VERACRUZ',NULL,NULL),(140,5,3,2,5,140,'24','DEPARTAMENTO NORMALES','XALAPA','2023-02-07','2026-02-07','CALLE RÍO TECOLUTLA #33 COL. CUAUHTÉMOC','91069','XALAPA','VERACRUZ',NULL,NULL),(141,11,1,1,1,141,'28','PRIMARIAS','JESUS CARRANZA','2023-02-15','2026-02-15','HIDALGO SUR 23-B','96150','SAYULA DE ALEMSN','VERACRUZ',NULL,NULL),(142,11,1,1,1,142,'2','PRIMARIAS','ACAYUCAN','2023-02-15','2026-02-15','AV.MIGUEL HIDALGO 1710      BARRIO LA PALMA','96056','ACAYUCAN','VERACRUZ',NULL,NULL),(143,3,1,1,2,143,'25','TELEBACHILLERATO','ESPINAL','2023-02-09','2026-02-09','ESPINAL    DOMICILIO  CONOCODO','93180','ESPINAL','VERACRUZ',NULL,NULL),(144,11,1,1,1,144,'31','FORANEAS','MINATITLAN','2023-02-14','2026-02-14','COLONIA CUALIPAN','96710','MINATITLAN','VERACRUZ',NULL,NULL),(145,11,1,1,1,145,'17','PRIMARIAS','COSOLEACAQUE','2023-02-15','2026-02-15','QUETZALCOATL # 2 CONJUNTO HABITACIONAL CUALIPAN','96734','MINATITLAN','VERACRUZ',NULL,NULL),(146,3,1,1,1,146,'26','PRIMARIAS','IXHUATLAN DE MADERO','2023-02-08','2026-02-08','16 DE SEPTIEMBRE S/N BARRIO POCHOCO','92680','IXHUATLAN DE MADERO','VERACRUZ',NULL,NULL),(147,1,1,1,2,147,'1','NORMAL','ACECECA','2023-02-15','2026-02-15','CARRETERA PLATÓN SANCHEZ SIN NÚMERO','0','TANTOYUCA','VERACRUZ',NULL,NULL),(148,3,1,1,1,148,'4','PRIMARIAS','ALAMO','2023-02-09','2023-02-09','CALLE FELIPE ANGELES N 123,COL. AVIACION','92730','ALAMO','VERACRUZ',NULL,NULL),(149,11,1,1,1,149,'1','PRIMARIAS','ACAYUCAN','2023-02-13','2026-02-13','RAMÓN CORONA','96290','JÁLTIPAN','VERACRUZ',NULL,NULL),(150,3,1,1,1,150,'83','PREESCOLAR','POZA RICA','2023-02-09','2026-02-09','NARCISO MENDOZA  COL TAJIN','93310','POZA RICA DE HGO VERACRUZ','VERACRUZ',NULL,NULL),(151,7,1,1,3,151,'21','EDUCACION FISICA','HUATUSCO','2023-02-15','2026-02-15','ESCUELA PRIMARIA MATUTINA NICOLÁS BRAVO. CALLE GRAL. NICOLÁS BRAVO # 41. COLONIA CENTRO.','94100','COSCOMATEPEC','VERACRUZ',NULL,NULL),(152,7,1,1,1,152,'22','PRIMARIAS','FORTIN','2023-02-08','2023-02-08','PRIVADA 2A NORTE DEL CENTRO DE FORTIN','0','FORTIN','VERACRUZ',NULL,NULL),(153,11,1,1,1,153,'86','EDUCACION ESPECIAL','ACAYUCAN','2023-02-16','2026-02-16','SIN DIRECCION','96010','ACAYUCAN','VERACRUZ',NULL,NULL),(154,3,1,1,1,154,'69','PRIMARIAS','TIHUATLAN','2023-02-07','2026-02-09','MAESTROS VERACRUZANOS S/N COL. MAGISTERIAL','92900','TIHUATLAN','VERACRUZ',NULL,NULL),(155,7,1,1,1,155,'16','PRIMARIAS','COSCOMATEPEC','2023-02-07','2026-02-07','CALLE REFORMA S/N ( 1RA. PRIVADA )','94140','COSCOMATEPEC','VERACRUZ',NULL,NULL),(156,3,1,1,2,156,'47','TELEBACHILLERATO','PAPANTLA','2023-02-08','2026-02-08','SALIDA A LA CONCHA # 309. COLONIA 10 DE ABRIL.','93429','PAPANTLA','VERACRUZ',NULL,NULL),(157,3,1,1,3,157,'12','EDUCACION FISICA','POZA RICA','2023-02-14','2026-02-14','LAS FLORES 124, COLONIA SANTA EMILIA','93210','POZA RICA DE HIDALGO','VERACRUZ',NULL,NULL),(158,11,1,1,2,158,'44','TELEBACHILLERATO','ACAYUCAN','2023-02-14','2026-02-13','ESFUERZO 8','96250','JALTIPAN','VERACRUZ',NULL,NULL),(159,11,1,1,2,159,'52','TELESECUNDARIA','COATZACOALCOS','2023-02-15','2026-02-15','5 DE FEBRERO #67 COLONIA SANTA CLARA','96730','MINATITLAN','VERACRUZ',NULL,NULL),(160,11,1,1,2,160,'23','SECUNDARIA','COATZACOALCOS','2023-02-15','2026-02-15','AND. KUMIAI 6. COL. FOVISSSTE 2','96537','COATZACOALCOS','VERACRUZ',NULL,NULL),(161,3,1,1,1,161,'24','PRIMARIAS','HUAYACOCOTLA','2023-02-09','2026-02-09','CALLE CAMPO DEPORTIVO LAZARO CÁRDENAS','92600','HUAYACOCOTLA','VERACRUZ',NULL,NULL),(162,3,1,1,1,162,'40','PRIMARIAS','PAPANTLA','2023-02-07','2026-02-07','SALVADOR DÍAZ MIRÓN CON CALLE CARRIL','93400','PAPANTLA','VERACRUZ',NULL,NULL),(163,3,1,1,1,163,'21','PRIMARIAS','ESPINAL','2023-02-07','2026-02-07','CALLE PROGRESO S/N COLONIA CENTRO','93180','ESPINAL','VERACRUZ',NULL,NULL),(164,3,1,1,1,164,'85','PREESCOLAR','PAPANTLA','2023-02-09','2026-02-09','SALVADOR DÍAZ MIRÓN ESQUINA CARRIL','93400','PAPANTLA','VERACRUZ',NULL,NULL),(165,3,1,1,1,165,'46','PRIMARIAS','POZA RICA','2023-02-14','2026-02-14','NARCISO MENDOZA 112 COLONIA TAJIN','93330','POZA RICA','VERACRUZ',NULL,NULL),(166,3,1,1,1,166,'67','PRIMARIAS','GUTIERREZ ZAMORA','2023-02-09','2026-02-09','CALLE ABASOLO  #44, COL. CENTRO','93556','GUTIÉRREZ ZAMORA','VERACRUZ',NULL,NULL),(167,11,1,1,1,167,'12','FORANEAS','COATZACOALCOS','2023-02-17','2026-02-17','JUAN ALVAREZ MOD. O DPTO. 102 PLAYA SOL','96518','COATZACOALCOS VERACRUZ','VERACRUZ',NULL,NULL),(168,3,1,1,2,168,'41','TELESECUNDARIA','POZA RICA','2023-02-07','2026-02-07','NARCISO MENDOZA #112 COL. TAJIN','93330','POZA RICA DE HIDALGO','VERACRUZ',NULL,NULL),(169,3,1,1,2,169,'19','TELEBACHILLERATO','ALAMO','2023-02-07','2026-02-07','CALLE TALLERES COLONIA TALLERES','92730','ÁLAMO TEMAPACHE','VERACRUZ',NULL,NULL),(170,11,1,1,1,170,'49','PRIMARIAS','SAYULA DE ALEMAN','2023-02-14','2026-02-14','HIDALGO NORTE S/N','96150','SAYULA DE ALEMAN','VERACRUZ',NULL,NULL),(171,11,1,1,1,171,'59','PREESCOLAR','ACAYUCAN','2023-02-17','2026-02-17','PROLONGACION LERDO #109 INTERIOR ENTRE LAS FLORES Y VAZQUEZ GOMEZ COL. VILLALTA','9026','ACAYUCAN','VERACRUZ',NULL,NULL),(172,11,1,1,2,172,'45','TELEBACHILLERATO','COATZACOALCOS','2023-02-15','2026-02-15','CUAUHTÉMOC 608','96400','COATZACOALCOS','VERACRUZ',NULL,NULL),(173,11,1,1,3,173,'22','EDUCACION FISICA','COATZACOALCOS','2023-02-17','2026-02-17','LUCAS ALAMAN 1000-4 COL. BENITO JUAREZ NORTE','96576','COATZACOALCOS','VERACRUZ',NULL,NULL),(174,11,1,1,1,174,'32','LOCALES','MINATITLAN','2023-02-14','2026-02-14','QUETZALCOATL #2','96729','CUALIPAN','VERACRUZ',NULL,NULL),(175,1,1,1,1,175,'18','PRIMARIAS','CHICONTEPEC','2023-02-15','2026-02-15','LIBERTAD S/N','92700','CHICONTEPEC','VERACRUZ',NULL,NULL),(176,3,1,1,2,176,'57','TELEBACHILLERATO','HUAYACOCOTLA','2023-02-09','2026-02-09','CALLE LAZARO CARDENAS A UN LADO DEL DEPORTIVO','92600','HUAYACOCOTLA,VER.','VERACRUZ',NULL,NULL),(177,7,1,1,1,177,'76','PRIMARIAS','TOTUTLA','2023-02-07','2026-02-09','AV. VENUSTIANO CARRANZA','94050','TOTUTLA','VERACRUZ',NULL,NULL),(178,7,1,1,1,178,'42','PRIMARIAS','PASO DEL MACHO','2023-02-08','2026-02-08','AV. PASO DEL MACHO S/N,  FRACCIONAMIENTO MORENO','94970','PASO DEL MACHO','VERACRUZ',NULL,NULL),(179,9,1,1,1,179,'15','PRIMARIAS','COSAMALOAPAN','2023-02-10','2025-02-10','NICOLAS BRAVO NUMERO 1002, ENTRE DEMETRIO CAZARIN Y LAS CONCHAS, COLONIA CENTRO','95400','COSAMALOAPAN','VERACRUZ',NULL,NULL),(180,9,1,1,3,180,'2','EDUCACION FISICA','TIERRA BLANCA','2023-02-17','2026-02-17','MORELOS ESQUINA AGRARISTA COLONIA HOJA DE MAÍZ','95110','TIERRA BLANCA','VERACRUZ',NULL,NULL),(181,2,2,1,4,181,'12','JUBILADOS Y PENSIONADOS','NARANJOS','2023-02-13','2025-02-13','BENITO JUÁREZ 855, COL. PROGRESO','92380','NARANJOS','VERACRUZ',NULL,NULL),(182,11,2,1,4,182,'25','JUBILADOS Y PENSIONADOS','MINATITLAN','2023-02-17','2026-02-17','QUETZALCÓATL #2, UH. CUALIPAN, COL. NUEVA MINA','96760','MINATITLAN','VERACRUZ',NULL,NULL),(183,11,2,1,4,183,'19','JUBILADOS Y PENSIONADOS','COATZACOALCOS','2023-02-15','2026-02-15','AZAHARES 32, ESQUINA CON JACARANDAS, FOVISSSTE 3','96558','COATZACOALCOS','VERACRUZ',NULL,NULL),(184,3,2,1,4,184,'10','JUBILADOS Y PENSIONADOS','POZA RICA','2023-02-16','2023-02-16','NARCISO MENDOZA NO. 112  COL. TAJÍN','93330','POZA RICA','VERACRUZ',NULL,NULL),(185,3,2,1,4,185,'31','JUBILADOS Y PENSIONADOS','TIHUATLAN','2023-02-08','2025-02-08','MAESTROS VERACRUZANOS  ESQ. RAFAEL ARREOLA S/N','92900','TIHUATALA','VERACRUZ',NULL,NULL),(186,3,2,1,4,186,'15','JUBILADOS Y PENSIONADOS','PAPANTLA','2023-02-08','2026-02-06','CALLE SALVADOR DÍAZ MIRÓN, ESQUINA DE CARRIL','93400','PAPANTLA','VERACRUZ',NULL,NULL),(187,3,3,2,5,187,'01','BACHILLERATO','PAPANTLA','2023-02-10','2025-02-10','CENTENARIO #100','93400','PAPANTLA','VERACRUZ',NULL,NULL),(188,11,3,2,5,188,'30','SECUNDARIA Y BACHILLERATO','MINATITLÁN','2023-02-16','2026-02-16','AV. CONSTITUCIÓN S/N, COL 20 DE NOVIEMBRE','96739','MINATITLÁN','VERACRUZ',NULL,'2024-05-08 23:24:14'),(189,11,3,2,5,189,'25','EDUCACION FISICA','ACAYUCAN','2023-02-16','2026-02-16','SAN FELIPE DE JESUS 102, FRACCIONAMIENTO SANTA CRUZ','96173','SOCONUSCO','VERACRUZ',NULL,NULL),(190,11,3,2,5,190,'26','ESCUELA DE ENFERMERIA','ACAYUCAN','2023-02-16','2026-02-16','OCAMPO SUR # 56','96049','ACAYUCAN','VERACRUZ',NULL,NULL),(228,2,3,2,5,228,'08','UNIVERSIDAD PEDAGÓGICA VERACRUZANA','TUXPAN','2023-03-22','2026-03-22','BLVD. MANUEL MAPLES ARCE S/N EJIDO LA CALZADA','92880','TUXPAN','VERACRUZ',NULL,'2024-05-14 23:03:37'),(237,2,2,1,4,237,'36','JUBILADOS Y PENSIONADOS','TAMIAHUA','2023-03-13','2026-03-13','AV. CUAUTHEMOC #57, COL. DEL VALLE','92875','TUXPAN','VERACRUZ',NULL,NULL),(238,5,1,1,1,238,'62','FORANEAS','XALAPA','2023-03-24','2026-03-25','BENITO JUÁREZ 13','91300','BANDERILLA','VERACRUZ',NULL,NULL),(239,5,1,1,3,239,'14','DOCENTES EDUCACION FISICA','XALAPA','2023-03-24','2026-03-24','PRIVADA 18 DE JULIO 2','91140','XALAPA','VERACRUZ',NULL,NULL),(240,5,1,1,2,240,'2','BACHILLERATO ANTONIO MARIA DE RIVERA VESPERTINA','XALAPA','2023-03-24','2026-03-24','ZONA UNIVERSITARIA','91000','XALAPA','VERACRUZ',NULL,NULL),(241,5,1,1,3,241,'9','ADMINISTRATIVOS TELEBACHILLERATO','XALAPA','2023-03-24','2026-03-24','XANATH #8 COLONIA ELECTRICISTAS','91060','XALAPA','VERACRUZ',NULL,NULL),(242,5,1,1,2,242,'56','BACHILLERATO ANTONIO MARIA DE RIVERA','XALAPA','2023-03-24','2026-03-24','CIRCUITO GONZALO AGUIRRE BELTRÁN S/N','91000','XALAPA','VERACRUZ',NULL,NULL),(243,5,1,1,1,243,'47','PRIMARIAS','LAS VIGAS DE RAMIREZ','2023-03-24','2026-03-24','CALLE 2 DE ABRIL S/N COLONIA CENTRO','91330','LAS VIGAS DE RAMIREZ','VERACRUZ',NULL,NULL),(245,9,1,1,3,245,'7','EDUCACION FISICA','ALVARADO','2023-03-24','2026-03-24','PARQUE 15 DE OCTUBRE S/N','95270','ALVARADO','VERACRUZ',NULL,NULL),(253,6,1,1,2,253,'5','TELEBACHILLERATO','VERACRUZ','2023-04-26','2026-04-26','CALLE RIO GRIJALVA #212B LAS VEGAS II','94297','BOCA DEL RIO','VERACRUZ',NULL,NULL),(273,9,1,1,2,NULL,'30','TELEBACHILLERATO','COSAMALOAPAN','2023-03-24','2026-03-24','PRIMERA PRIVADA 16 DE SEPTIEMBRE N. 114','95420','COSAMALOAPAN','VERACRUZ','2024-04-06 02:11:36','2024-04-06 02:11:36'),(274,1,2,1,4,NULL,'23','JUBILADOS Y PENSIONADOS','PANUCO','2023-05-31','2026-05-31','CALLE AYUNTAMIENTO','93998','PANUCO','VERACRUZ','2024-04-12 22:37:34','2024-04-12 22:37:34'),(276,11,1,1,1,NULL,'82','PREESCOLAR','MINATITLÁN','2024-05-08','2024-05-08','CONOCIDA','00000','MINATITLÁN','VERACRUZ','2024-05-09 00:18:10','2024-05-09 00:18:10'),(277,7,3,2,5,NULL,'02','SECUNDARIAS','HUATUSCO','2024-05-13','2027-05-13','EMPTY','00000','HUATUSCO','VERACRUZ','2024-05-13 23:22:23','2024-05-13 23:22:23'),(280,1,1,1,2,NULL,'18','TELEBACHILLERATO','CHICONTEPEC','2024-05-13','2027-05-13','EMPTY','00000','CHICONTEPEC','VERACRUZ','2024-05-13 23:57:06','2024-05-13 23:57:06'),(281,3,1,1,2,NULL,'54','TELESECUNDARIA','ALAMO','2024-05-13','2027-05-13','EMPTY','00000','ALAMO','VERACRUZ','2024-05-13 23:59:32','2024-05-13 23:59:32'),(282,10,1,1,3,NULL,'19','EDUCACIÓN FÍSICA','SAN ANDRES TUXTLA','2024-05-13','2027-05-13','EMPTY','00000','SAN ANDRES TUXTLA','VERACRUZ','2024-05-14 00:02:04','2024-05-14 00:02:04'),(284,6,3,2,5,NULL,'17','UNIVERSIDAD FEMENINA','VERACRUZ','2024-05-14','2024-05-14','EMPTY','00000','VERACRUZ','VERACRUZ','2024-05-14 23:29:26','2024-05-14 23:29:26'),(285,6,1,1,2,NULL,'40','TELESECUNDARIA','VERACRUZ','2024-05-14','2024-05-14','EMPTY','00000','VERACRUZ','VERACRUZ','2024-05-14 23:34:05','2024-05-14 23:34:05'),(286,6,1,1,2,NULL,'49','SECUNDARIA GENERAL','VERACRUZ','2023-03-24','2026-03-24','ESCRITORES MEXICANOS S/N ESQUINA CERVANTES SAAVEDRA','91714','VERACRUZ','VERACRUZ','2024-05-14 23:41:37','2024-05-14 23:41:37'),(287,1,2,1,4,NULL,'11','JUBILADOS Y PENSIONADOS','TEMPOAL','2024-05-14','2024-05-14','EMPTY','00000','TEMPOAL','VERACRUZ','2024-05-15 12:31:00','2024-05-15 12:31:00'),(288,1,2,1,4,NULL,'22','JUBILADOS Y PENSIONADOS','CHICONTEPEC','2024-05-14','2024-05-14','EMPTY','00000','CHICONTEPEC','VERACRUZ','2024-05-15 12:32:39','2024-05-15 12:32:39'),(289,1,2,1,4,NULL,'35','JUBILADOS Y PENSIONADOS','PUEBLO VIEJO','2023-04-23','2026-04-23','PUEBLO VIEJO','92123','TANTOYUCA','VERACRUZ','2024-05-15 12:36:02','2024-05-15 12:36:02'),(290,1,2,1,4,NULL,'37','JUBILADOS Y PENSIONADOS','PLATON SANCHEZ','2024-05-14','2024-05-14','EMPTY','00000','PLATON SANCHEZ','VERACRUZ','2024-05-15 12:48:12','2024-05-15 12:48:12'),(291,3,1,1,2,NULL,'7','SECUNDARIA Y BACHILLERATO','POZA RICA','2024-05-15','2024-05-15','EMPTY','00000','POZA RICA','VERACRUZ','2024-05-16 00:12:40','2024-05-16 00:12:40'),(292,3,1,1,2,NULL,'33','TELEBACHILLERATO','POZA RICA','2024-05-15','2024-05-15','EMPTY','00000','POZA RICA','VERACRUZ','2024-05-16 00:21:39','2024-05-16 00:21:39'),(293,3,2,1,4,NULL,'14','JUBILADOS Y PENSIONADOS','ALAMO','2024-05-15','2024-05-15','EMPTY','00000','ALAMO','VERACRUZ','2024-05-16 00:53:29','2024-05-16 00:53:29'),(294,3,2,1,4,NULL,'24','JUBILADOS Y PENSIONADOS','GUTIERREZ ZAMORA','2024-05-15','2024-05-15','EMPTY','00000','GUTIERREZ ZAMORA','VERACRUZ','2024-05-16 01:04:51','2024-05-16 01:04:51'),(295,5,3,2,5,NULL,'18','ESCUELA SECUNDARIA EXPERIMENTAL','XALAPA','2024-05-15','2024-05-15','JUAN ESCUTIA 2','91000','XALAPA','VERACRUZ','2024-05-16 02:01:17','2024-05-16 02:01:17'),(296,6,3,2,5,NULL,'06','OFICIAL','CARDEL','2024-05-15','2024-05-15','EMPTY','00000','CARDEL','VERACRUZ','2024-05-16 02:12:32','2024-05-16 02:12:32'),(297,6,3,2,5,NULL,'11','BACHILLERES OFICIAL','VERACRUZ','2024-05-15','2024-05-15','ESTEBAN MORALES COL. CENTRO','91700','VERACRUZ','VERACRUZ','2024-05-16 02:14:23','2024-05-16 02:15:56'),(298,6,3,2,5,NULL,'15','BACHILLERATO NOCTURNO','VERACRUZ','2024-05-15','2024-05-15','EMTPY','00000','VERACRUZ','VERACRUZ','2024-05-16 02:19:18','2024-05-16 02:19:18'),(299,6,3,2,5,NULL,'22','ESTEBAN M','VERACRUZ','2024-05-15','2024-05-15','EMPTY','00000','VERACRUZ','VERACRUZ','2024-05-16 02:23:11','2024-05-16 02:23:11'),(300,6,1,1,2,NULL,'6','ILLUSTRE','VERACRUZ','2024-05-15','2024-05-15','EMPTY','00000','VERACRUZ','VERACRUZ','2024-05-16 03:38:19','2024-05-16 03:38:19'),(301,6,1,1,3,NULL,'6','EDUCACION FISICA','VERACRUZ','2024-05-15','2024-05-15','EMPTY','00000','VERACRUZ','VERACRUZ','2024-05-16 03:53:45','2024-05-16 03:53:45'),(302,6,2,1,4,NULL,'1','JUBILADOS Y PENSIONADOS','VERACRUZ','2024-05-15','2024-05-15','EMPTY','00000','VERACRUZ','VERACRUZ','2024-05-16 03:55:02','2024-05-16 03:55:02'),(303,6,2,1,4,NULL,'27','JUBILADOS Y PENSIONADOS','BOCA DEL RIO','2024-05-15','2024-05-08','EMPTY','00000','BOCA DEL RIO','VERACRUZ','2024-05-16 03:55:53','2024-05-16 03:55:53'),(304,6,2,1,4,NULL,'30','JUBILADOS Y PENSIONADOS','PIEDRAS NEGRAS','2024-05-15','2024-05-15','EMPTY','00000','PIEDRAS NEGRAS','VERACRUZ','2024-05-16 10:11:03','2024-05-16 10:11:03'),(305,8,1,1,1,NULL,'27','PRIMARIAS','IXTACZOQUITLAN','2023-02-09','2024-02-09','NORTE 2, EDIFICIO PARROQUIA 2° PISO DEPT. 4, COL. CENTRO','94300','ORIZABA','VERACRUZ','2024-05-16 10:30:23','2024-05-16 10:30:23'),(306,8,1,1,2,NULL,'36','SECUNDARIA Y BACHILLERATO DIURNA','ORIZABA','2019-07-12','2022-07-12','EMPTY','00000','ORIZABA','VERACRUZ','2024-05-16 10:35:50','2024-05-16 10:35:50'),(307,8,1,1,3,NULL,'10','EDUCACION FISICA','CIUDAD MENDOZA','2023-02-09','2026-02-09','EMPTY','00000','CIUDAD MENDOZA','VERACRUZ','2024-05-16 10:40:29','2024-05-16 10:40:29'),(308,8,2,1,4,NULL,'4','JUBILADOS Y PENSIONADOS','CIUDAD MENDOZA','2023-02-10','2026-02-10','EMPTY','00000','CIUDAD MENDOZA','VERACRUZ','2024-05-16 10:50:39','2024-05-16 10:50:39'),(309,9,1,1,1,NULL,'70','PRIMARIAS','TRES VALLES','2023-03-24','0026-03-24','ESC. PRIM. \"18 DE MARZO\" CALLE:  BENITO JUÁREZ #102','95300','TRES VALLES','VERACRUZ','2024-05-16 11:09:08','2024-05-16 11:09:08'),(310,9,1,1,2,NULL,'8','SECUNDARIA Y BACHILLERATO','COSAMALOAPAN','2023-02-08','2026-02-08','EMPTY','00000','COSAMALOAPAN','VERACRUZ','2024-05-16 11:16:36','2024-05-16 11:16:36'),(311,9,1,1,3,NULL,'20','EDUCACION FISICA','COSAMALOAPAN','2023-03-23','2026-03-23','AV MANUEL CARPIO S/N','95400','COSAMALOAPAN DE CARPIO','VERACRUZ','2024-05-16 11:20:26','2024-05-16 11:20:26'),(312,9,2,1,4,NULL,'29','JUBILADOS Y PENSIONADOS','TIERRA BLANCA','2024-05-15','2024-05-15','EMPTY','00000','TIERRA BLANCA','VERACRUZ','2024-05-16 11:22:15','2024-05-16 11:22:15'),(313,9,2,1,4,NULL,'34','JUBILADOS Y PENSIONADOS','TLACOTALPAN','2023-03-09','2026-03-09','AV 5 DE MAYO 89','95460','TLACOTALPAN','VERACRUZ','2024-05-16 11:23:49','2024-05-16 11:23:49'),(314,11,1,1,1,NULL,'13','PRIMARIAS LOCALES','COATZACOALCOS','2024-05-15','2024-05-15','EMPTY','00000','COATZACOALCOS','VERACRUZ','2024-05-16 11:32:35','2024-05-16 11:32:35'),(315,11,1,1,2,NULL,'11','SECUNDARIA','COATZACOALCOS','2022-06-03','2025-06-03','EMPTY','00000','COATZACOALCOS','VERACRUZ','2024-05-16 11:35:10','2024-05-16 11:35:10'),(316,11,1,1,2,NULL,'39','TELESECUNDARIA','ACAYUCAN','2024-05-15','2024-05-15','EMPTY','00000','ACAYUCAN','VERACRUZ','2024-05-16 11:36:53','2024-05-16 11:36:53'),(317,11,2,1,4,NULL,'20','JUBILADOS Y PENSIONADOS','ACAYUCAN','2023-02-14','2026-02-14','EMPTY','00000','ACAYUCAN','VERACRUZ','2024-05-16 11:38:35','2024-05-16 11:38:35'),(318,6,1,1,1,NULL,'50','PRIMARIAS','SOLEDAD DE DOBLADO','2024-05-20','2024-05-20','EMPTY','00000','SOLEDAD DE DOBLADO','V','2024-05-21 02:17:14','2024-05-21 02:17:14');
/*!40000 ALTER TABLE `delegaciones` ENABLE KEYS */;
UNLOCK TABLES;

--
-- Table structure for table `failed_jobs`
--

DROP TABLE IF EXISTS `failed_jobs`;
/*!40101 SET @saved_cs_client     = @@character_set_client */;
/*!50503 SET character_set_client = utf8mb4 */;
CREATE TABLE `failed_jobs` (
  `id` bigint unsigned NOT NULL AUTO_INCREMENT,
  `uuid` varchar(255) COLLATE utf8mb4_unicode_ci NOT NULL,
  `connection` text COLLATE utf8mb4_unicode_ci NOT NULL,
  `queue` text COLLATE utf8mb4_unicode_ci NOT NULL,
  `payload` longtext COLLATE utf8mb4_unicode_ci NOT NULL,
  `exception` longtext COLLATE utf8mb4_unicode_ci NOT NULL,
  `failed_at` timestamp NOT NULL DEFAULT CURRENT_TIMESTAMP,
  PRIMARY KEY (`id`),
  UNIQUE KEY `failed_jobs_uuid_unique` (`uuid`)
) ENGINE=InnoDB DEFAULT CHARSET=utf8mb4 COLLATE=utf8mb4_unicode_ci;
/*!40101 SET character_set_client = @saved_cs_client */;

--
-- Dumping data for table `failed_jobs`
--

LOCK TABLES `failed_jobs` WRITE;
/*!40000 ALTER TABLE `failed_jobs` DISABLE KEYS */;
/*!40000 ALTER TABLE `failed_jobs` ENABLE KEYS */;
UNLOCK TABLES;

--
-- Table structure for table `genero`
--

DROP TABLE IF EXISTS `genero`;
/*!40101 SET @saved_cs_client     = @@character_set_client */;
/*!50503 SET character_set_client = utf8mb4 */;
CREATE TABLE `genero` (
  `id` bigint unsigned NOT NULL AUTO_INCREMENT,
  `genero` varchar(150) COLLATE utf8mb4_unicode_ci NOT NULL,
  `created_at` timestamp NULL DEFAULT NULL,
  `updated_at` timestamp NULL DEFAULT NULL,
  PRIMARY KEY (`id`)
) ENGINE=InnoDB AUTO_INCREMENT=3 DEFAULT CHARSET=utf8mb4 COLLATE=utf8mb4_unicode_ci;
/*!40101 SET character_set_client = @saved_cs_client */;

--
-- Dumping data for table `genero`
--

LOCK TABLES `genero` WRITE;
/*!40000 ALTER TABLE `genero` DISABLE KEYS */;
INSERT INTO `genero` VALUES (1,'HOMBRE','2024-07-04 04:31:50','2024-07-04 04:31:50'),(2,'MUJER','2024-07-04 04:31:50','2024-07-04 04:31:50');
/*!40000 ALTER TABLE `genero` ENABLE KEYS */;
UNLOCK TABLES;

--
-- Table structure for table `maestros`
--

DROP TABLE IF EXISTS `maestros`;
/*!40101 SET @saved_cs_client     = @@character_set_client */;
/*!50503 SET character_set_client = utf8mb4 */;
CREATE TABLE `maestros` (
  `id` bigint unsigned NOT NULL AUTO_INCREMENT,
  `id_delegacion` bigint unsigned NOT NULL,
  `id_secretaria` bigint unsigned NOT NULL,
  `titulo` varchar(150) COLLATE utf8mb4_unicode_ci NOT NULL,
  `nombre` varchar(150) COLLATE utf8mb4_unicode_ci NOT NULL,
  `apaterno` varchar(150) COLLATE utf8mb4_unicode_ci NOT NULL,
  `amaterno` varchar(150) COLLATE utf8mb4_unicode_ci NOT NULL,
  `id_genero` bigint unsigned NOT NULL,
  `email` varchar(150) COLLATE utf8mb4_unicode_ci NOT NULL,
  `telefono` varchar(20) COLLATE utf8mb4_unicode_ci NOT NULL,
  `direccion` varchar(250) COLLATE utf8mb4_unicode_ci NOT NULL,
  `cp` varchar(50) COLLATE utf8mb4_unicode_ci NOT NULL,
  `ciudad` varchar(50) COLLATE utf8mb4_unicode_ci NOT NULL,
  `estado` varchar(50) COLLATE utf8mb4_unicode_ci NOT NULL,
  `id_users` bigint unsigned DEFAULT NULL,
  `created_at` timestamp NULL DEFAULT NULL,
  `updated_at` timestamp NULL DEFAULT NULL,
  PRIMARY KEY (`id`),
  UNIQUE KEY `maestros_ciudad_unique` (`ciudad`),
  UNIQUE KEY `maestros_estado_unique` (`estado`),
  KEY `maestros_id_delegacion_foreign` (`id_delegacion`),
  KEY `maestros_id_secretaria_foreign` (`id_secretaria`),
  KEY `maestros_id_genero_foreign` (`id_genero`),
  KEY `maestros_id_users_foreign` (`id_users`),
  CONSTRAINT `maestros_id_delegacion_foreign` FOREIGN KEY (`id_delegacion`) REFERENCES `delegaciones` (`id`),
  CONSTRAINT `maestros_id_genero_foreign` FOREIGN KEY (`id_genero`) REFERENCES `genero` (`id`),
  CONSTRAINT `maestros_id_secretaria_foreign` FOREIGN KEY (`id_secretaria`) REFERENCES `secretarias` (`id`),
  CONSTRAINT `maestros_id_users_foreign` FOREIGN KEY (`id_users`) REFERENCES `users` (`id`)
) ENGINE=InnoDB DEFAULT CHARSET=utf8mb4 COLLATE=utf8mb4_unicode_ci;
/*!40101 SET character_set_client = @saved_cs_client */;

--
-- Dumping data for table `maestros`
--

LOCK TABLES `maestros` WRITE;
/*!40000 ALTER TABLE `maestros` DISABLE KEYS */;
/*!40000 ALTER TABLE `maestros` ENABLE KEYS */;
UNLOCK TABLES;

--
-- Table structure for table `migrations`
--

DROP TABLE IF EXISTS `migrations`;
/*!40101 SET @saved_cs_client     = @@character_set_client */;
/*!50503 SET character_set_client = utf8mb4 */;
CREATE TABLE `migrations` (
  `id` int unsigned NOT NULL AUTO_INCREMENT,
  `migration` varchar(255) COLLATE utf8mb4_unicode_ci NOT NULL,
  `batch` int NOT NULL,
  PRIMARY KEY (`id`)
) ENGINE=InnoDB AUTO_INCREMENT=82 DEFAULT CHARSET=utf8mb4 COLLATE=utf8mb4_unicode_ci;
/*!40101 SET character_set_client = @saved_cs_client */;

--
-- Dumping data for table `migrations`
--

LOCK TABLES `migrations` WRITE;
/*!40000 ALTER TABLE `migrations` DISABLE KEYS */;
INSERT INTO `migrations` VALUES (67,'2019_12_14_000001_create_personal_access_tokens_table',1),(68,'2024_07_03_200723_create_regiones_table',1),(69,'2024_07_03_200847_create_genero_table',1),(70,'2024_07_03_200930_create_delegacion_o_ct_table',1),(71,'2024_07_03_201104_create_tipo_delegacion_table',1),(72,'2024_07_03_201133_create_nomenclatura_table',1),(73,'2024_07_03_201228_create_delegaciones_table',1),(74,'2024_07_03_201404_create_secretarias_table',1),(75,'2024_07_03_201410_create_users_table',1),(76,'2024_07_03_201411_create_password_reset_tokens_table',1),(77,'2024_07_03_201412_add_two_factor_columns_to_users_table',1),(78,'2024_07_03_201413_create_failed_jobs_table',1),(79,'2024_07_03_201415_create_sessions_table',1),(80,'2024_07_03_201526_create_maestros_table',1),(81,'2024_07_09_161825_create_permission_tables',2);
/*!40000 ALTER TABLE `migrations` ENABLE KEYS */;
UNLOCK TABLES;

--
-- Table structure for table `model_has_permissions`
--

DROP TABLE IF EXISTS `model_has_permissions`;
/*!40101 SET @saved_cs_client     = @@character_set_client */;
/*!50503 SET character_set_client = utf8mb4 */;
CREATE TABLE `model_has_permissions` (
  `permission_id` bigint unsigned NOT NULL,
  `model_type` varchar(191) COLLATE utf8mb4_unicode_ci NOT NULL,
  `model_id` bigint unsigned NOT NULL,
  PRIMARY KEY (`permission_id`,`model_id`,`model_type`),
  KEY `model_has_permissions_model_id_model_type_index` (`model_id`,`model_type`),
  CONSTRAINT `model_has_permissions_permission_id_foreign` FOREIGN KEY (`permission_id`) REFERENCES `permissions` (`id`) ON DELETE CASCADE
) ENGINE=InnoDB DEFAULT CHARSET=utf8mb4 COLLATE=utf8mb4_unicode_ci;
/*!40101 SET character_set_client = @saved_cs_client */;

--
-- Dumping data for table `model_has_permissions`
--

LOCK TABLES `model_has_permissions` WRITE;
/*!40000 ALTER TABLE `model_has_permissions` DISABLE KEYS */;
/*!40000 ALTER TABLE `model_has_permissions` ENABLE KEYS */;
UNLOCK TABLES;

--
-- Table structure for table `model_has_roles`
--

DROP TABLE IF EXISTS `model_has_roles`;
/*!40101 SET @saved_cs_client     = @@character_set_client */;
/*!50503 SET character_set_client = utf8mb4 */;
CREATE TABLE `model_has_roles` (
  `role_id` bigint unsigned NOT NULL,
  `model_type` varchar(191) COLLATE utf8mb4_unicode_ci NOT NULL,
  `model_id` bigint unsigned NOT NULL,
  PRIMARY KEY (`role_id`,`model_id`,`model_type`),
  KEY `model_has_roles_model_id_model_type_index` (`model_id`,`model_type`),
  CONSTRAINT `model_has_roles_role_id_foreign` FOREIGN KEY (`role_id`) REFERENCES `roles` (`id`) ON DELETE CASCADE
) ENGINE=InnoDB DEFAULT CHARSET=utf8mb4 COLLATE=utf8mb4_unicode_ci;
/*!40101 SET character_set_client = @saved_cs_client */;

--
-- Dumping data for table `model_has_roles`
--

LOCK TABLES `model_has_roles` WRITE;
/*!40000 ALTER TABLE `model_has_roles` DISABLE KEYS */;
INSERT INTO `model_has_roles` VALUES (1,'App\\Models\\User',1),(2,'App\\Models\\User',15),(1,'App\\Models\\User',17);
/*!40000 ALTER TABLE `model_has_roles` ENABLE KEYS */;
UNLOCK TABLES;

--
-- Table structure for table `nomenclatura`
--

DROP TABLE IF EXISTS `nomenclatura`;
/*!40101 SET @saved_cs_client     = @@character_set_client */;
/*!50503 SET character_set_client = utf8mb4 */;
CREATE TABLE `nomenclatura` (
  `id` bigint unsigned NOT NULL AUTO_INCREMENT,
  `nomenclatura` varchar(150) COLLATE utf8mb4_unicode_ci NOT NULL,
  `id_tipo_delegacion` bigint unsigned NOT NULL,
  `created_at` timestamp NULL DEFAULT NULL,
  `updated_at` timestamp NULL DEFAULT NULL,
  PRIMARY KEY (`id`),
  KEY `nomenclatura_id_tipo_delegacion_foreign` (`id_tipo_delegacion`),
  CONSTRAINT `nomenclatura_id_tipo_delegacion_foreign` FOREIGN KEY (`id_tipo_delegacion`) REFERENCES `tipo_delegacion` (`id`)
) ENGINE=InnoDB AUTO_INCREMENT=6 DEFAULT CHARSET=utf8mb4 COLLATE=utf8mb4_unicode_ci;
/*!40101 SET character_set_client = @saved_cs_client */;

--
-- Dumping data for table `nomenclatura`
--

LOCK TABLES `nomenclatura` WRITE;
/*!40000 ALTER TABLE `nomenclatura` DISABLE KEYS */;
INSERT INTO `nomenclatura` VALUES (1,'D-I-',1,'2024-07-04 04:31:50','2024-07-04 04:31:50'),(2,'D-II-',1,'2024-07-04 04:31:50','2024-07-04 04:31:50'),(3,'D-III-',1,'2024-07-04 04:31:50','2024-07-04 04:31:50'),(4,'D-IV-',2,'2024-07-04 04:31:50','2024-07-04 04:31:50'),(5,'C.T.',3,'2024-07-04 04:31:50','2024-07-04 04:31:50');
/*!40000 ALTER TABLE `nomenclatura` ENABLE KEYS */;
UNLOCK TABLES;

--
-- Table structure for table `password_reset_tokens`
--

DROP TABLE IF EXISTS `password_reset_tokens`;
/*!40101 SET @saved_cs_client     = @@character_set_client */;
/*!50503 SET character_set_client = utf8mb4 */;
CREATE TABLE `password_reset_tokens` (
  `email` varchar(255) COLLATE utf8mb4_unicode_ci NOT NULL,
  `token` varchar(255) COLLATE utf8mb4_unicode_ci NOT NULL,
  `created_at` timestamp NULL DEFAULT NULL,
  PRIMARY KEY (`email`)
) ENGINE=InnoDB DEFAULT CHARSET=utf8mb4 COLLATE=utf8mb4_unicode_ci;
/*!40101 SET character_set_client = @saved_cs_client */;

--
-- Dumping data for table `password_reset_tokens`
--

LOCK TABLES `password_reset_tokens` WRITE;
/*!40000 ALTER TABLE `password_reset_tokens` DISABLE KEYS */;
/*!40000 ALTER TABLE `password_reset_tokens` ENABLE KEYS */;
UNLOCK TABLES;

--
-- Table structure for table `permissions`
--

DROP TABLE IF EXISTS `permissions`;
/*!40101 SET @saved_cs_client     = @@character_set_client */;
/*!50503 SET character_set_client = utf8mb4 */;
CREATE TABLE `permissions` (
  `id` bigint unsigned NOT NULL AUTO_INCREMENT,
  `name` varchar(191) COLLATE utf8mb4_unicode_ci NOT NULL,
  `guard_name` varchar(191) COLLATE utf8mb4_unicode_ci NOT NULL,
  `created_at` timestamp NULL DEFAULT NULL,
  `updated_at` timestamp NULL DEFAULT NULL,
  PRIMARY KEY (`id`),
  UNIQUE KEY `permissions_name_guard_name_unique` (`name`,`guard_name`)
) ENGINE=InnoDB AUTO_INCREMENT=5 DEFAULT CHARSET=utf8mb4 COLLATE=utf8mb4_unicode_ci;
/*!40101 SET character_set_client = @saved_cs_client */;

--
-- Dumping data for table `permissions`
--

LOCK TABLES `permissions` WRITE;
/*!40000 ALTER TABLE `permissions` DISABLE KEYS */;
INSERT INTO `permissions` VALUES (1,'ver-pagina-roles','web','2024-07-17 21:29:27','2024-07-17 21:29:27'),(2,'crear-rol','web','2024-07-17 21:29:37','2024-07-17 21:29:37'),(3,'editar-rol','web','2024-07-17 21:29:46','2024-07-17 21:29:46'),(4,'borrar-rol','web','2024-07-17 21:30:01','2024-07-17 21:30:01');
/*!40000 ALTER TABLE `permissions` ENABLE KEYS */;
UNLOCK TABLES;

--
-- Table structure for table `personal_access_tokens`
--

DROP TABLE IF EXISTS `personal_access_tokens`;
/*!40101 SET @saved_cs_client     = @@character_set_client */;
/*!50503 SET character_set_client = utf8mb4 */;
CREATE TABLE `personal_access_tokens` (
  `id` bigint unsigned NOT NULL AUTO_INCREMENT,
  `tokenable_type` varchar(255) COLLATE utf8mb4_unicode_ci NOT NULL,
  `tokenable_id` bigint unsigned NOT NULL,
  `name` varchar(255) COLLATE utf8mb4_unicode_ci NOT NULL,
  `token` varchar(64) COLLATE utf8mb4_unicode_ci NOT NULL,
  `abilities` text COLLATE utf8mb4_unicode_ci,
  `last_used_at` timestamp NULL DEFAULT NULL,
  `expires_at` timestamp NULL DEFAULT NULL,
  `created_at` timestamp NULL DEFAULT NULL,
  `updated_at` timestamp NULL DEFAULT NULL,
  PRIMARY KEY (`id`),
  UNIQUE KEY `personal_access_tokens_token_unique` (`token`),
  KEY `personal_access_tokens_tokenable_type_tokenable_id_index` (`tokenable_type`,`tokenable_id`)
) ENGINE=InnoDB DEFAULT CHARSET=utf8mb4 COLLATE=utf8mb4_unicode_ci;
/*!40101 SET character_set_client = @saved_cs_client */;

--
-- Dumping data for table `personal_access_tokens`
--

LOCK TABLES `personal_access_tokens` WRITE;
/*!40000 ALTER TABLE `personal_access_tokens` DISABLE KEYS */;
/*!40000 ALTER TABLE `personal_access_tokens` ENABLE KEYS */;
UNLOCK TABLES;

--
-- Table structure for table `regiones`
--

DROP TABLE IF EXISTS `regiones`;
/*!40101 SET @saved_cs_client     = @@character_set_client */;
/*!50503 SET character_set_client = utf8mb4 */;
CREATE TABLE `regiones` (
  `id` bigint unsigned NOT NULL AUTO_INCREMENT,
  `region` varchar(150) COLLATE utf8mb4_unicode_ci NOT NULL,
  `sede` varchar(150) COLLATE utf8mb4_unicode_ci NOT NULL,
  `created_at` timestamp NULL DEFAULT NULL,
  `updated_at` timestamp NULL DEFAULT NULL,
  PRIMARY KEY (`id`)
) ENGINE=InnoDB AUTO_INCREMENT=12 DEFAULT CHARSET=utf8mb4 COLLATE=utf8mb4_unicode_ci;
/*!40101 SET character_set_client = @saved_cs_client */;

--
-- Dumping data for table `regiones`
--

LOCK TABLES `regiones` WRITE;
/*!40000 ALTER TABLE `regiones` DISABLE KEYS */;
INSERT INTO `regiones` VALUES (1,'REGIÓN I','TANTOYUCA','2024-07-04 04:31:50','2024-07-04 04:31:50'),(2,'REGIÓN II','TUXPAN','2024-07-04 04:31:50','2024-07-04 04:31:50'),(3,'REGIÓN III','POZA RICA','2024-07-04 04:31:50','2024-07-04 04:31:50'),(4,'REGIÓN IV','MARTÍNEZ DE LA TORRE','2024-07-04 04:31:50','2024-07-04 04:31:50'),(5,'REGIÓN V','XALAPA','2024-07-04 04:31:50','2024-07-04 04:31:50'),(6,'REGIÓN VI','VERACRUZ','2024-07-04 04:31:50','2024-07-04 04:31:50'),(7,'REGIÓN VII','CÓRDOBA','2024-07-04 04:31:50','2024-07-04 04:31:50'),(8,'REGIÓN VIII','ORIZABA','2024-07-04 04:31:50','2024-07-04 04:31:50'),(9,'REGIÓN IX','COSAMALOAPAN','2024-07-04 04:31:50','2024-07-04 04:31:50'),(10,'REGIÓN X','SAN ANDRES TUXTLA','2024-07-04 04:31:50','2024-07-04 04:31:50'),(11,'REGIÓN XI','MINATITLÁN','2024-07-04 04:31:50','2024-07-04 04:31:50');
/*!40000 ALTER TABLE `regiones` ENABLE KEYS */;
UNLOCK TABLES;

--
-- Table structure for table `role_has_permissions`
--

DROP TABLE IF EXISTS `role_has_permissions`;
/*!40101 SET @saved_cs_client     = @@character_set_client */;
/*!50503 SET character_set_client = utf8mb4 */;
CREATE TABLE `role_has_permissions` (
  `permission_id` bigint unsigned NOT NULL,
  `role_id` bigint unsigned NOT NULL,
  PRIMARY KEY (`permission_id`,`role_id`),
  KEY `role_has_permissions_role_id_foreign` (`role_id`),
  CONSTRAINT `role_has_permissions_permission_id_foreign` FOREIGN KEY (`permission_id`) REFERENCES `permissions` (`id`) ON DELETE CASCADE,
  CONSTRAINT `role_has_permissions_role_id_foreign` FOREIGN KEY (`role_id`) REFERENCES `roles` (`id`) ON DELETE CASCADE
) ENGINE=InnoDB DEFAULT CHARSET=utf8mb4 COLLATE=utf8mb4_unicode_ci;
/*!40101 SET character_set_client = @saved_cs_client */;

--
-- Dumping data for table `role_has_permissions`
--

LOCK TABLES `role_has_permissions` WRITE;
/*!40000 ALTER TABLE `role_has_permissions` DISABLE KEYS */;
INSERT INTO `role_has_permissions` VALUES (1,1),(2,1),(3,1),(4,1),(1,2),(2,2),(3,2),(4,2);
/*!40000 ALTER TABLE `role_has_permissions` ENABLE KEYS */;
UNLOCK TABLES;

--
-- Table structure for table `roles`
--

DROP TABLE IF EXISTS `roles`;
/*!40101 SET @saved_cs_client     = @@character_set_client */;
/*!50503 SET character_set_client = utf8mb4 */;
CREATE TABLE `roles` (
  `id` bigint unsigned NOT NULL AUTO_INCREMENT,
  `name` varchar(191) COLLATE utf8mb4_unicode_ci NOT NULL,
  `guard_name` varchar(191) COLLATE utf8mb4_unicode_ci NOT NULL,
  `created_at` timestamp NULL DEFAULT NULL,
  `updated_at` timestamp NULL DEFAULT NULL,
  PRIMARY KEY (`id`),
  UNIQUE KEY `roles_name_guard_name_unique` (`name`,`guard_name`)
) ENGINE=InnoDB AUTO_INCREMENT=3 DEFAULT CHARSET=utf8mb4 COLLATE=utf8mb4_unicode_ci;
/*!40101 SET character_set_client = @saved_cs_client */;

--
-- Dumping data for table `roles`
--

LOCK TABLES `roles` WRITE;
/*!40000 ALTER TABLE `roles` DISABLE KEYS */;
INSERT INTO `roles` VALUES (1,'Administrador','web','2024-07-17 21:32:35','2024-07-17 21:32:35'),(2,'Coordinador','web','2024-07-17 21:32:45','2024-07-17 21:32:45');
/*!40000 ALTER TABLE `roles` ENABLE KEYS */;
UNLOCK TABLES;

--
-- Table structure for table `secretarias`
--

DROP TABLE IF EXISTS `secretarias`;
/*!40101 SET @saved_cs_client     = @@character_set_client */;
/*!50503 SET character_set_client = utf8mb4 */;
CREATE TABLE `secretarias` (
  `id` bigint unsigned NOT NULL AUTO_INCREMENT,
  `cartera_secretaria` varchar(150) COLLATE utf8mb4_unicode_ci NOT NULL,
  `id_nomenclatura` bigint unsigned NOT NULL,
  `created_at` timestamp NULL DEFAULT NULL,
  `updated_at` timestamp NULL DEFAULT NULL,
  PRIMARY KEY (`id`),
  KEY `secretarias_id_nomenclatura_foreign` (`id_nomenclatura`),
  CONSTRAINT `secretarias_id_nomenclatura_foreign` FOREIGN KEY (`id_nomenclatura`) REFERENCES `nomenclatura` (`id`)
) ENGINE=InnoDB AUTO_INCREMENT=17 DEFAULT CHARSET=utf8mb4 COLLATE=utf8mb4_unicode_ci;
/*!40101 SET character_set_client = @saved_cs_client */;

--
-- Dumping data for table `secretarias`
--

LOCK TABLES `secretarias` WRITE;
/*!40000 ALTER TABLE `secretarias` DISABLE KEYS */;
INSERT INTO `secretarias` VALUES (1,'SECRETARÍA GENERAL	',1,'2024-07-04 04:31:50','2024-07-04 04:31:50'),(2,'SECRETARÍA DE ORGANIZACIÓN	',1,'2024-07-04 04:31:50','2024-07-04 04:31:50'),(3,'SECRETARÍA DE TRABAJO Y CONFLICTOS	',1,'2024-07-04 04:31:50','2024-07-04 04:31:50'),(4,'SECRETARÍA DE FINANZAS	',1,'2024-07-04 04:31:50','2024-07-04 04:31:50'),(5,'SECRETARÍA DE PREVISIÓN Y ASISTENCIA SOCIAL	',1,'2024-07-04 04:31:50','2024-07-04 04:31:50'),(6,'SECRETARÍA DE ESCALAFÓN Y PROMOCIÓN	',1,'2024-07-04 04:31:50','2024-07-04 04:31:50'),(7,'SECRETARÍA DE ORIENTACIÓN IDEOLÓGICA SINDICAL	',1,'2024-07-04 04:31:50','2024-07-04 04:31:50'),(8,'SECRETARÍA GENERAL	',2,'2024-07-04 04:31:50','2024-07-04 04:31:50'),(9,'SECRETARÍA DE ORGANIZACIÓN	',2,'2024-07-04 04:31:50','2024-07-04 04:31:50'),(10,'SECRETARÍA DE FINANZAS	',2,'2024-07-04 04:31:50','2024-07-04 04:31:50'),(11,'SECRETARÍA DE PREVISIÓN Y ASISTENCIA SOCIAL	',2,'2024-07-04 04:31:50','2024-07-04 04:31:50'),(12,'SECRETARÍA DE ORIENTACIÓN IDEOLÓGICA SINDICAL	',2,'2024-07-04 04:31:50','2024-07-04 04:31:50'),(13,'SECRETARÍA DE CULTURA Y RECREACIÓN	',2,'2024-07-04 04:31:50','2024-07-04 04:31:50'),(14,'SECRETARÍA DE VINCULACIÓN SOCIAL Y PROGRAMAS PRODUCTIVOS	',2,'2024-07-04 04:31:50','2024-07-04 04:31:50'),(15,'REPRESENTANTE SINDICAL DE CENTRO DE TRABAJO	',3,'2024-07-04 04:31:50','2024-07-04 04:31:50'),(16,'COORDINADOR	',1,'2024-07-04 04:31:50','2024-07-04 04:31:50');
/*!40000 ALTER TABLE `secretarias` ENABLE KEYS */;
UNLOCK TABLES;

--
-- Table structure for table `sessions`
--

DROP TABLE IF EXISTS `sessions`;
/*!40101 SET @saved_cs_client     = @@character_set_client */;
/*!50503 SET character_set_client = utf8mb4 */;
CREATE TABLE `sessions` (
  `id` varchar(255) COLLATE utf8mb4_unicode_ci NOT NULL,
  `user_id` bigint unsigned DEFAULT NULL,
  `ip_address` varchar(45) COLLATE utf8mb4_unicode_ci DEFAULT NULL,
  `user_agent` text COLLATE utf8mb4_unicode_ci,
  `payload` longtext COLLATE utf8mb4_unicode_ci NOT NULL,
  `last_activity` int NOT NULL,
  PRIMARY KEY (`id`),
  KEY `sessions_user_id_index` (`user_id`),
  KEY `sessions_last_activity_index` (`last_activity`)
) ENGINE=InnoDB DEFAULT CHARSET=utf8mb4 COLLATE=utf8mb4_unicode_ci;
/*!40101 SET character_set_client = @saved_cs_client */;

--
-- Dumping data for table `sessions`
--

LOCK TABLES `sessions` WRITE;
/*!40000 ALTER TABLE `sessions` DISABLE KEYS */;
INSERT INTO `sessions` VALUES ('rze9fbLa6tV4pULAW1yjs6L1dlrnFSI2RJ2F87iL',17,'127.0.0.1','Mozilla/5.0 (Windows NT 10.0; Win64; x64) AppleWebKit/537.36 (KHTML, like Gecko) Chrome/126.0.0.0 Safari/537.36','YTo1OntzOjY6Il90b2tlbiI7czo0MDoiQ3ExdUpQMkpJWUhkUjd1V00zQU1iV2JDYnJwTEJ4clBsRjBRcWhDNCI7czo2OiJfZmxhc2giO2E6Mjp7czozOiJvbGQiO2E6MDp7fXM6MzoibmV3IjthOjA6e319czo5OiJfcHJldmlvdXMiO2E6MTp7czozOiJ1cmwiO3M6Mzc6Imh0dHA6Ly9kZWxlZ2FjaW9uZXMtdjIudGVzdC9kYXNoYm9hcmQiO31zOjUwOiJsb2dpbl93ZWJfNTliYTM2YWRkYzJiMmY5NDAxNTgwZjAxNGM3ZjU4ZWE0ZTMwOTg5ZCI7aToxNztzOjIxOiJwYXNzd29yZF9oYXNoX3NhbmN0dW0iO3M6NjA6IiQyeSQxMiRZOU1RRmowVHNoUUJOYXZ4bWp0ZHFlLkEvVm9lTnFpV2hqUFVLUnZjc0lITlovR2JzcXFlaSI7fQ==',1721317957);
/*!40000 ALTER TABLE `sessions` ENABLE KEYS */;
UNLOCK TABLES;

--
-- Table structure for table `tipo_delegacion`
--

DROP TABLE IF EXISTS `tipo_delegacion`;
/*!40101 SET @saved_cs_client     = @@character_set_client */;
/*!50503 SET character_set_client = utf8mb4 */;
CREATE TABLE `tipo_delegacion` (
  `id` bigint unsigned NOT NULL AUTO_INCREMENT,
  `tipo` varchar(150) COLLATE utf8mb4_unicode_ci NOT NULL,
  `created_at` timestamp NULL DEFAULT NULL,
  `updated_at` timestamp NULL DEFAULT NULL,
  PRIMARY KEY (`id`)
) ENGINE=InnoDB AUTO_INCREMENT=4 DEFAULT CHARSET=utf8mb4 COLLATE=utf8mb4_unicode_ci;
/*!40101 SET character_set_client = @saved_cs_client */;

--
-- Dumping data for table `tipo_delegacion`
--

LOCK TABLES `tipo_delegacion` WRITE;
/*!40000 ALTER TABLE `tipo_delegacion` DISABLE KEYS */;
INSERT INTO `tipo_delegacion` VALUES (1,'ACTIVOS','2024-07-04 04:31:50','2024-07-04 04:31:50'),(2,'JUBILADOS','2024-07-04 04:31:50','2024-07-04 04:31:50'),(3,'CENTRO DE TRABAJO','2024-07-04 04:31:50','2024-07-04 04:31:50');
/*!40000 ALTER TABLE `tipo_delegacion` ENABLE KEYS */;
UNLOCK TABLES;

--
-- Table structure for table `users`
--

DROP TABLE IF EXISTS `users`;
/*!40101 SET @saved_cs_client     = @@character_set_client */;
/*!50503 SET character_set_client = utf8mb4 */;
CREATE TABLE `users` (
  `id` bigint unsigned NOT NULL AUTO_INCREMENT,
  `id_region` bigint unsigned NOT NULL,
  `id_delegacion` bigint unsigned NOT NULL,
  `id_secretaria` bigint unsigned NOT NULL,
  `titulo` varchar(150) COLLATE utf8mb4_unicode_ci NOT NULL,
  `nombre` varchar(150) COLLATE utf8mb4_unicode_ci NOT NULL,
  `apaterno` varchar(150) COLLATE utf8mb4_unicode_ci NOT NULL,
  `amaterno` varchar(150) COLLATE utf8mb4_unicode_ci DEFAULT NULL,
  `id_genero` bigint unsigned NOT NULL,
  `email` varchar(255) COLLATE utf8mb4_unicode_ci NOT NULL,
  `email_verified_at` timestamp NULL DEFAULT NULL,
  `password` varchar(255) COLLATE utf8mb4_unicode_ci NOT NULL,
  `two_factor_secret` text COLLATE utf8mb4_unicode_ci,
  `two_factor_recovery_codes` text COLLATE utf8mb4_unicode_ci,
  `two_factor_confirmed_at` timestamp NULL DEFAULT NULL,
  `remember_token` varchar(100) COLLATE utf8mb4_unicode_ci DEFAULT NULL,
  `current_team_id` bigint unsigned DEFAULT NULL,
  `profile_photo_path` varchar(2048) COLLATE utf8mb4_unicode_ci DEFAULT NULL,
  `telefono` varchar(20) COLLATE utf8mb4_unicode_ci DEFAULT NULL,
  `direccion` varchar(250) COLLATE utf8mb4_unicode_ci DEFAULT NULL,
  `cp` varchar(50) COLLATE utf8mb4_unicode_ci DEFAULT NULL,
  `ciudad` varchar(50) COLLATE utf8mb4_unicode_ci DEFAULT NULL,
  `estado` varchar(50) COLLATE utf8mb4_unicode_ci DEFAULT NULL,
  `created_at` timestamp NULL DEFAULT NULL,
  `updated_at` timestamp NULL DEFAULT NULL,
  PRIMARY KEY (`id`),
  UNIQUE KEY `users_email_unique` (`email`),
  KEY `users_id_region_foreign` (`id_region`),
  KEY `users_id_delegacion_foreign` (`id_delegacion`),
  KEY `users_id_secretaria_foreign` (`id_secretaria`),
  KEY `users_id_genero_foreign` (`id_genero`),
  CONSTRAINT `users_id_delegacion_foreign` FOREIGN KEY (`id_delegacion`) REFERENCES `delegaciones` (`id`),
  CONSTRAINT `users_id_genero_foreign` FOREIGN KEY (`id_genero`) REFERENCES `genero` (`id`),
  CONSTRAINT `users_id_region_foreign` FOREIGN KEY (`id_region`) REFERENCES `regiones` (`id`),
  CONSTRAINT `users_id_secretaria_foreign` FOREIGN KEY (`id_secretaria`) REFERENCES `secretarias` (`id`)
) ENGINE=InnoDB AUTO_INCREMENT=20 DEFAULT CHARSET=utf8mb4 COLLATE=utf8mb4_unicode_ci;
/*!40101 SET character_set_client = @saved_cs_client */;

--
-- Dumping data for table `users`
--

LOCK TABLES `users` WRITE;
/*!40000 ALTER TABLE `users` DISABLE KEYS */;
INSERT INTO `users` VALUES (1,5,138,16,'PROF.','USER','ADMIN','',1,'admin@example.com','2024-07-09 04:44:28','$2y$10$92IXUNpkjO0rOQ5byMi.Ye4oKoEa3Ro9llC/.og/at2.uheWG/igi',NULL,NULL,NULL,'H9VYLef7zfb8wzpc4hpe9Ww8H7mzadtsNgu4G1lq3b9y2RqTwhNooG4exg5D',NULL,NULL,'1111111111','capricornio #23','91000','Xalapa','Veracruz',NULL,'2024-07-18 21:41:50'),(2,6,297,15,'PROFA.','Lidia','Reyes',NULL,2,'lidia@email.com',NULL,'$2y$12$pJdaUckSa8J6xAYU9aE6Q.WlNAjybu7ToPjKNWMrcRIefWkQYLVmK',NULL,NULL,NULL,NULL,NULL,NULL,NULL,NULL,NULL,NULL,NULL,'2024-07-09 05:22:33','2024-07-09 05:22:33'),(3,5,69,15,'PROF.','EMMANUEL','JUAREZ','ALARCON',1,'emmanuel@example.com',NULL,'$2y$12$fiTcKVcuGabQAY9PvNVY4OxXPmEKWsWzdqv3x43Sq7x.2IhENw2OO',NULL,NULL,NULL,NULL,NULL,NULL,NULL,NULL,NULL,NULL,NULL,'2024-07-09 06:06:28','2024-07-13 02:26:34'),(14,5,38,16,'PROFA.','MIROSLAVA','HERNANDEZ','DE LA MERCED',2,'meche@email.com',NULL,'$2y$12$9q2RiWZty9MDuHOHU62MOOWDa1kycafFCSuvXRQUZnufIiONRLQIy',NULL,NULL,NULL,NULL,NULL,NULL,NULL,NULL,NULL,NULL,NULL,'2024-07-13 02:08:01','2024-07-13 02:08:01'),(15,5,88,15,'PROF.','JAVIER','IBARRA','LOPEZ',1,'javi@email.com',NULL,'$2y$12$b9INDjI9Nn7h6TFo.B6bKeXb78nUyvfZ0nMYJR3Eh06Y8qemQlp3.',NULL,NULL,NULL,NULL,NULL,NULL,NULL,NULL,NULL,NULL,NULL,'2024-07-13 02:40:49','2024-07-17 01:49:18'),(16,1,187,1,'PROF.','EFRAIN','BENITEZ','MORALES',1,'efra@email.com',NULL,'$2y$12$hRs.QO0UAYwB40cHSteKVeIHERcZIYCkaYPFK7pLll1b4LbsFHB8O',NULL,NULL,NULL,NULL,NULL,NULL,NULL,NULL,NULL,NULL,NULL,'2024-07-13 02:46:07','2024-07-13 02:46:07'),(17,6,297,15,'PROFA.','YESSICA','YAMILETH','JUAREZ',2,'yess@email.com',NULL,'$2y$12$Y9MQFj0TshQBNavxmjtdqe.A/VoeNqiWhjPUKRvcsIHNZ/Gbsqqei',NULL,NULL,NULL,NULL,NULL,NULL,NULL,NULL,NULL,NULL,NULL,'2024-07-15 22:02:31','2024-07-15 22:02:31'),(18,6,297,15,'PROFA.','SOFIA','GARCIA','JUAREZ',2,'sofi@email.com',NULL,'$2y$12$0704ReidRzFDXcV/ex6rmOlXL2DLXZkWAOQt3AvHvWN6ivc29XlSi',NULL,NULL,NULL,NULL,NULL,NULL,NULL,NULL,NULL,NULL,NULL,'2024-07-15 22:23:54','2024-07-15 22:23:54'),(19,5,295,13,'PROFA.','SOFIA','GARCIA','JUAREZ',2,'sofy@email.com',NULL,'$2y$12$WScU/USHF6rvWDR5t8xA8Okonr5VPfBABzD4eHv5qTuhJJ7CaFtZC',NULL,NULL,NULL,NULL,NULL,NULL,NULL,NULL,NULL,NULL,NULL,'2024-07-17 01:09:52','2024-07-17 01:12:46');
/*!40000 ALTER TABLE `users` ENABLE KEYS */;
UNLOCK TABLES;
/*!40103 SET TIME_ZONE=@OLD_TIME_ZONE */;

/*!40101 SET SQL_MODE=@OLD_SQL_MODE */;
/*!40014 SET FOREIGN_KEY_CHECKS=@OLD_FOREIGN_KEY_CHECKS */;
/*!40014 SET UNIQUE_CHECKS=@OLD_UNIQUE_CHECKS */;
/*!40101 SET CHARACTER_SET_CLIENT=@OLD_CHARACTER_SET_CLIENT */;
/*!40101 SET CHARACTER_SET_RESULTS=@OLD_CHARACTER_SET_RESULTS */;
/*!40101 SET COLLATION_CONNECTION=@OLD_COLLATION_CONNECTION */;
/*!40111 SET SQL_NOTES=@OLD_SQL_NOTES */;

-- Dump completed on 2024-07-18 10:08:36
